Instance type,Instance family,Instance size,Availability zones,Free-Tier eligible,Free Trial available,Bare metal,Hypervisor,vCPUs,Architecture,Cores,Valid cores,Threads per core,Valid threads per core,Sustained clock speed (GHz),Memory (GiB),Storage (GB),Local instance storage,Storage type,Storage disk count,EBS encryption support,EBS optimization support,Network performance,ENA support,Maximum number of network interfaces,IPv4 addresses per interface,IPv6 addresses per interface,IPv6 support,Supported placement group strategies,GPUs,FPGAs,Auto Recovery support,Reboot migration support,Supported root device types,Dedicated Host support,On-Demand Hibernation support,Burstable Performance support,Current generation,EBS Baseline Bandwidth (Mbps),EBS Baseline IOPS,EBS Baseline Throughput (MB/s),EBS Maximum Bandwidth (Mbps),EBS Maximum IOPS,EBS Maximum Throughput (MB/s),ENA Express support,On-Demand Ubuntu Pro pricing,On-Demand RHEL pricing,On-Demand Windows pricing,On-Demand Linux pricing,On-Demand SUSE pricing,On-Demand us-east-1-bue-1 SUSE pricing,On-Demand us-east-1-bue-1 Linux pricing,On-Demand us-east-1-bue-1 Windows pricing,On-Demand us-east-1-bue-1 Ubuntu Pro pricing,On-Demand us-east-1-bue-1 RHEL pricing,On-Demand us-east-1-qro-1 Ubuntu Pro pricing,On-Demand us-east-1-qro-1 Windows pricing,On-Demand us-east-1-qro-1 SUSE pricing,On-Demand us-east-1-qro-1 RHEL pricing,On-Demand us-east-1-qro-1 Linux pricing,On-Demand us-east-1-scl-1 SUSE pricing,On-Demand us-east-1-scl-1 Windows pricing,On-Demand us-east-1-scl-1 Linux pricing,On-Demand us-east-1-scl-1 RHEL pricing,On-Demand us-east-1-scl-1 Ubuntu Pro pricing,On-Demand us-east-1-bos-1 SUSE pricing,On-Demand us-east-1-bos-1 Ubuntu Pro pricing,On-Demand us-east-1-bos-1 Windows pricing,On-Demand us-east-1-bos-1 Linux pricing,On-Demand us-east-1-bos-1 RHEL pricing,On-Demand us-east-1-lim-1 Ubuntu Pro pricing,On-Demand us-east-1-lim-1 Linux pricing,On-Demand us-east-1-lim-1 SUSE pricing,On-Demand us-east-1-lim-1 Windows pricing,On-Demand us-east-1-lim-1 RHEL pricing,On-Demand us-east-1-phl-1 Linux pricing,On-Demand us-east-1-phl-1 Windows pricing,On-Demand us-east-1-phl-1 RHEL pricing,On-Demand us-east-1-phl-1 SUSE pricing,On-Demand us-east-1-phl-1 Ubuntu Pro pricing
i3en.3xlarge,i3en,3xlarge,"us-east-1, us-east-1a, us-east-1b, us-east-1c, us-east-1d, us-east-1f",false,false,false,nitro,12,x86_64,6,"2,4,6",2,"1,2",3.1,96,7500,true,ssd,1,supported,default,Up to 25 Gigabit,required,4,15,15,true,"cluster, partition, spread",0,0,-,unsupported,ebs,true,true,-,true,3800,15000,475,4750,20000,593.75,false,1.377 USD per Hour,1.486 USD per Hour,1.908 USD per Hour,1.356 USD per Hour,1.481 USD per Hour,,,,,,,,,,,,,,,,,,,,,,,,,,,,,,
d3en.2xlarge,d3en,2xlarge,"us-east-1, us-east-1a, us-east-1b, us-east-1c, us-east-1d",false,false,false,nitro,8,x86_64,4,"2,4",2,"1,2",3.1,32,55920,true,hdd,4,supported,default,Up to 25 Gigabit,required,4,5,5,true,"cluster, partition, spread",0,0,-,unsupported,ebs,-,-,-,true,1700,10000,212.5,2800,15000,350,false,1.065 USD per Hour,1.167 USD per Hour,1.419 USD per Hour,1.051 USD per Hour,1.176 USD per Hour,,,,,,,,,,,,,,,,,,,,,,,,,,,,,,
r7iz.16xlarge,r7iz,16xlarge,"us-east-1, us-east-1a, us-east-1b, us-east-1c, us-east-1d, us-east-1f",false,false,false,nitro,64,x86_64,32,"1,2,3,4,5,6,7,8,9,10,11,12,13,14,15,16,17,18,19,20,21,22,23,24,25,26,27,28,29,30,31,32",2,"1,2",3.9,512,0,-,-,0,supported,default,25 Gigabit,required,15,50,50,true,"cluster, partition, spread",0,0,true,supported,ebs,-,-,-,true,20000,80000,2500,20000,80000,2500,false,6.064 USD per Hour,6.6432 USD per Hour,8.896 USD per Hour,5.952 USD per Hour,6.077 USD per Hour,,,,,,,,,,,,,,,,,,,,,,,,,,,,,,
r6a.metal,r6a,metal,"us-east-1, us-east-1a, us-east-1b, us-east-1c, us-east-1d, us-east-1f",false,false,true,,192,x86_64,96,-,2,-,3.6,1536,0,-,-,0,supported,default,50 Gigabit,required,15,50,50,true,"cluster, partition, spread",0,0,true,supported,ebs,true,-,-,true,40000,240000,5000,40000,240000,5000,true,11.2224 USD per Hour,12.7296 USD per Hour,19.7184 USD per Hour,10.8864 USD per Hour,11.0114 USD per Hour,,,,,,,,,,,,,,,,,,,,,,,,,,,,,,
trn1.32xlarge,trn1,32xlarge,"us-east-1, us-east-1c, us-east-1d, us-east-1f",false,false,false,nitro,128,x86_64,64,"2,4,6,8,10,12,14,16,18,20,22,24,26,28,30,32,34,36,38,40,42,44,46,48,50,52,54,56,58,60,62,64",2,"1,2",3.5,512,7600,true,ssd,4,supported,default,8x 100 Gigabit,required,40,50,50,true,"cluster, partition, spread",0,0,-,unsupported,ebs,true,-,-,true,80000,260000,10000,80000,260000,10000,false,21.724 USD per Hour,22.7288 USD per Hour,,21.5 USD per Hour,21.625 USD per Hour,,,,,,,,,,,,,,,,,,,,,,,,,,,,,,
r7a.2xlarge,r7a,2xlarge,"us-east-1, us-east-1a, us-east-1b, us-east-1c, us-east-1d, us-east-1f",false,false,false,nitro,8,x86_64,8,"1,2,3,4,5,6,7,8",1,1,3.7,64,0,-,-,0,supported,default,Up to 12.5 Gigabit,required,4,15,15,true,"cluster, partition, spread",0,0,true,supported,ebs,true,true,-,true,2500,12000,312.5,10000,40000,1250,false,0.6226 USD per Hour,0.7238 USD per Hour,0.9766 USD per Hour,0.6086 USD per Hour,0.7336 USD per Hour,,,,,,,,,,,,,,,,,,,,,,,,,,,,,,
i4i.16xlarge,i4i,16xlarge,"us-east-1, us-east-1a, us-east-1b, us-east-1c, us-east-1d, us-east-1f",false,false,false,nitro,64,x86_64,32,"2,4,6,8,10,12,14,16,18,20,22,24,26,28,30,32",2,"1,2",3.5,512,15000,true,ssd,4,supported,default,37.5 Gigabit,required,15,50,50,true,"cluster, partition, spread",0,0,-,unsupported,ebs,true,-,-,true,20000,80000,2500,20000,80000,2500,true,5.603 USD per Hour,6.182 USD per Hour,8.435 USD per Hour,5.491 USD per Hour,5.616 USD per Hour,,,,,,,,,,,,,,,,,,,,,,,,,,,,,,
c6i.32xlarge,c6i,32xlarge,"us-east-1, us-east-1a, us-east-1b, us-east-1c, us-east-1d, us-east-1f",false,false,false,nitro,128,x86_64,64,"2,4,6,8,10,12,14,16,18,20,22,24,26,28,30,32,34,36,38,40,42,44,46,48,50,52,54,56,58,60,62,64",2,"1,2",3.5,256,0,-,-,0,supported,default,50 Gigabit,required,15,50,50,true,"cluster, partition, spread",0,0,true,supported,ebs,true,-,-,true,40000,160000,5000,40000,160000,5000,true,5.664 USD per Hour,6.6688 USD per Hour,11.328 USD per Hour,5.44 USD per Hour,5.565 USD per Hour,,,,,,,,,,,,,,,,,,,,,,,,,,,,,,
c6in.24xlarge,c6in,24xlarge,"us-east-1, us-east-1a, us-east-1b, us-east-1c, us-east-1d, us-east-1f",false,false,false,nitro,96,x86_64,48,"4,6,8,10,12,14,16,18,20,22,24,26,28,30,32,34,36,38,40,42,44,46,48",2,"1,2",3.5,192,0,-,-,0,supported,default,150 Gigabit,required,15,50,50,true,"cluster, partition, spread",0,0,true,supported,ebs,true,-,-,true,75000,300000,9375,75000,300000,9375,true,5.6112 USD per Hour,6.48 USD per Hour,9.8592 USD per Hour,5.4432 USD per Hour,5.5682 USD per Hour,,,,,,,,,,,,,,,,,,,,,,,,,,,,,,
c5ad.24xlarge,c5ad,24xlarge,"us-east-1, us-east-1a, us-east-1b, us-east-1c, us-east-1d, us-east-1f",false,false,false,nitro,96,x86_64,48,"1,2,3,4,8,12,16,20,24,28,32,36,40,44,48",2,"1,2",3.3,192,3800,true,ssd,2,supported,default,20 Gigabit,required,15,50,50,true,"cluster, partition, spread",0,0,-,unsupported,ebs,-,-,-,true,9500,40000,1187.5,9500,40000,1187.5,false,4.296 USD per Hour,5.165 USD per Hour,8.544 USD per Hour,4.128 USD per Hour,4.253 USD per Hour,,,,,,,,,,,,,,,,,,,,,,,,,,,,,,
inf2.48xlarge,inf2,48xlarge,"us-east-1, us-east-1b, us-east-1c, us-east-1d, us-east-1f",false,false,false,nitro,192,x86_64,96,"4,8,12,16,20,24,28,32,64,96",2,"1,2",3.6,768,0,-,-,0,supported,default,100 Gigabit,required,15,50,50,true,"cluster, partition, spread",0,0,-,supported,ebs,true,-,-,true,60000,240000,7500,60000,240000,7500,false,,14.82447 USD per Hour,,12.98127 USD per Hour,,,,,,,,,,,,,,,,,,,,,,,,,,,,,,,
r6a.2xlarge,r6a,2xlarge,"us-east-1, us-east-1a, us-east-1b, us-east-1c, us-east-1d, us-east-1f",false,false,false,nitro,8,x86_64,4,"1,2,3,4",2,"1,2",3.6,64,0,-,-,0,supported,default,Up to 12.5 Gigabit,required,4,15,15,true,"cluster, partition, spread",0,0,true,supported,ebs,true,true,-,true,2500,12000,312.5,10000,40000,1250,false,0.4676 USD per Hour,0.5688 USD per Hour,0.8216 USD per Hour,0.4536 USD per Hour,0.5786 USD per Hour,,,,,,,,,,,,,,,,,,,,,,,,,,,,,,
r8g.4xlarge,r8g,4xlarge,"us-east-1, us-east-1a, us-east-1b, us-east-1c, us-east-1d, us-east-1f",false,false,false,nitro,16,arm64,16,"1,2,3,4,5,6,7,8,9,10,11,12,13,14,15,16",1,1,2.8,128,0,-,-,0,supported,default,Up to 15 Gigabit,required,8,30,30,true,"cluster, partition, spread",0,0,true,supported,ebs,true,true,-,true,5000,20000,625,10000,40000,1250,false,0.97056 USD per Hour,1.11536 USD per Hour,,0.94256 USD per Hour,1.06756 USD per Hour,,,,,,,,,,,,,,,,,,,,,,,,,,,,,,
mac2-m2.metal,mac2-m2,metal,"us-east-1c, us-east-1d",false,false,true,,8,arm64_mac,8,-,1,-,3.5,24,0,-,-,0,supported,default,10 Gigabit,required,8,30,30,true,"partition, spread",0,0,-,unsupported,ebs,true,-,-,true,8000,55000,1000,8000,55000,1000,false,,,,,,,,,,,,,,,,,,,,,,,,,,,,,,,,,,,
m6a.2xlarge,m6a,2xlarge,"us-east-1, us-east-1a, us-east-1b, us-east-1c, us-east-1d, us-east-1f",false,false,false,nitro,8,x86_64,4,"1,2,3,4",2,"1,2",3.6,32,0,-,-,0,supported,default,Up to 12.5 Gigabit,required,4,15,15,true,"cluster, partition, spread",0,0,true,supported,ebs,true,true,-,true,2500,12000,312.5,10000,40000,1250,false,0.3596 USD per Hour,0.4608 USD per Hour,0.7136 USD per Hour,0.3456 USD per Hour,0.4706 USD per Hour,,,,,,,,,,,,,,,,,,,,,,,,,,,,,,
r7iz.12xlarge,r7iz,12xlarge,"us-east-1, us-east-1a, us-east-1b, us-east-1c, us-east-1d, us-east-1f",false,false,false,nitro,48,x86_64,24,"1,2,3,4,5,6,7,8,9,10,11,12,13,14,15,16,17,18,19,20,21,22,23,24",2,"1,2",3.9,384,0,-,-,0,supported,default,25 Gigabit,required,8,30,30,true,"cluster, partition, spread",0,0,true,supported,ebs,true,-,-,true,19000,76000,2375,19000,76000,2375,false,4.548 USD per Hour,4.9824 USD per Hour,6.672 USD per Hour,4.464 USD per Hour,4.589 USD per Hour,,,,,,,,,,,,,,,,,,,,,,,,,,,,,,
r5a.2xlarge,r5a,2xlarge,"us-east-1, us-east-1a, us-east-1b, us-east-1c, us-east-1d, us-east-1f",false,false,false,nitro,8,x86_64,4,"2,4",2,"1,2",2.5,64,0,-,-,0,supported,default,Up to 10 Gigabit,required,4,15,15,true,"cluster, partition, spread",0,0,true,supported,ebs,-,true,-,true,1580,8333,197.5,2880,16000,360,false,0.466 USD per Hour,0.567 USD per Hour,0.82 USD per Hour,0.452 USD per Hour,0.577 USD per Hour,,,,,,,,,,,,,,,,,,,,,,,,,,,,,,
c7g.8xlarge,c7g,8xlarge,"us-east-1, us-east-1a, us-east-1b, us-east-1c, us-east-1d, us-east-1f",false,false,false,nitro,32,arm64,32,"1,2,3,4,5,6,7,8,9,10,11,12,13,14,15,16,17,18,19,20,21,22,23,24,25,26,27,28,29,30,31,32",1,1,2.6,64,0,-,-,0,supported,default,15 Gigabit,required,8,30,30,true,"cluster, partition, spread",0,0,true,supported,ebs,true,true,-,true,10000,40000,1250,10000,40000,1250,false,1.216 USD per Hour,1.5056 USD per Hour,,1.16 USD per Hour,1.285 USD per Hour,,,,,,,,,,,,,,,,,,,,,,,,,,,,,,
r6gd.2xlarge,r6gd,2xlarge,"us-east-1, us-east-1a, us-east-1b, us-east-1c, us-east-1d, us-east-1f",false,false,false,nitro,8,arm64,8,"1,2,3,4,5,6,7,8",1,1,2.5,64,474,true,ssd,1,supported,default,Up to 10 Gigabit,required,4,15,15,true,"cluster, partition, spread",0,0,-,unsupported,ebs,true,true,-,true,2375,12000,296.875,4750,20000,593.75,false,0.4748 USD per Hour,0.576 USD per Hour,,0.4608 USD per Hour,0.5858 USD per Hour,,,,,,,,,,,,,,,,,,,,,,,,,,,,,,
c8gd.48xlarge,c8gd,48xlarge,"us-east-1, us-east-1a, us-east-1b, us-east-1c, us-east-1d, us-east-1f",false,false,false,nitro,192,arm64,192,"4,6,8,10,12,14,16,18,20,22,24,26,28,30,32,34,36,38,40,42,44,46,48,50,52,54,56,58,60,62,64,66,68,70,72,74,76,78,80,82,84,86,88,90,92,94,96,98,100,102,104,106,108,110,112,114,116,118,120,122,124,126,128,130,132,134,136,138,140,142,144,146,148,150,152,154,156,158,160,162,164,166,168,170,172,174,176,178,180,182,184,186,188,190,192",1,1,2.7,384,11400,true,ssd,6,supported,default,50 Gigabit,required,15,50,50,true,"cluster, partition, spread",0,0,-,unsupported,ebs,true,-,-,true,40000,240000,5000,40000,240000,5000,true,9.74208 USD per Hour,11.24928 USD per Hour,,9.40608 USD per Hour,9.53108 USD per Hour,,,,,,,,,,,,,,,,,,,,,,,,,,,,,,
f1.2xlarge,f1,2xlarge,"us-east-1, us-east-1a, us-east-1b, us-east-1c, us-east-1d, us-east-1e",false,false,false,xen,8,x86_64,4,"1,2,3,4",2,"1,2",2.3,122,470,true,ssd,1,supported,default,Up to 10 Gigabit,supported,4,15,15,true,"cluster, partition, spread",0,1,-,unsupported,ebs,true,-,-,true,1700,12000,212.5,1700,12000,212.5,false,,1.7652 USD per Hour,,1.65 USD per Hour,1.75 USD per Hour,,,,,,,,,,,,,,,,,,,,,,,,,,,,,,
c5n.2xlarge,c5n,2xlarge,"us-east-1, us-east-1a, us-east-1b, us-east-1c, us-east-1d, us-east-1f",false,false,false,nitro,8,x86_64,4,"2,4",2,"1,2",3.4,21,0,-,-,0,supported,default,Up to 25 Gigabit,required,4,15,15,true,"cluster, partition, spread",0,0,true,supported,ebs,true,-,-,true,2300,10000,287.5,4750,20000,593.75,false,0.446 USD per Hour,0.547 USD per Hour,0.8 USD per Hour,0.432 USD per Hour,0.557 USD per Hour,,,,,,,,,,,,,,,,,,,,,,,,,,,,,,
m7gd.large,m7gd,large,"us-east-1, us-east-1a, us-east-1b, us-east-1c, us-east-1d, us-east-1f",false,false,false,nitro,2,arm64,2,"1,2",1,1,2.6,8,118,true,ssd,1,supported,default,Up to 12.5 Gigabit,required,3,10,10,true,"cluster, partition, spread",0,0,-,unsupported,ebs,true,true,-,true,630,3600,78.75,10000,40000,1250,false,0.1103 USD per Hour,0.1356 USD per Hour,,0.1068 USD per Hour,0.1631 USD per Hour,,,,,,,,,,,,,,,,,,,,,,,,,,,,,,
x2iezn.4xlarge,x2iezn,4xlarge,"us-east-1, us-east-1b, us-east-1c, us-east-1d",false,false,false,nitro,16,x86_64,8,"2,4,6,8",2,"1,2",4.5,512,0,-,-,0,supported,default,Up to 25 Gigabit,required,8,30,30,true,"cluster, partition, spread",0,0,true,supported,ebs,true,-,-,true,4750,20000,593.75,4750,20000,593.75,false,3.364 USD per Hour,3.5088 USD per Hour,4.072 USD per Hour,3.336 USD per Hour,3.461 USD per Hour,,,,,,,,,,,,,,,,,,,,,,,,,,,,,,
m8g.24xlarge,m8g,24xlarge,"us-east-1, us-east-1a, us-east-1b, us-east-1c, us-east-1d, us-east-1f",false,false,false,nitro,96,arm64,96,"1,2,3,4,5,6,7,8,9,10,11,12,13,14,15,16,17,18,19,20,21,22,23,24,25,26,27,28,29,30,31,32,33,34,35,36,37,38,39,40,41,42,43,44,45,46,47,48,49,50,51,52,53,54,55,56,57,58,59,60,61,62,63,64,65,66,67,68,69,70,71,72,73,74,75,76,77,78,79,80,81,82,83,84,85,86,87,88,89,90,91,92,93,94,95,96",1,1,2.8,384,0,-,-,0,supported,default,40 Gigabit,required,15,50,50,true,"cluster, partition, spread",0,0,true,supported,ebs,true,-,-,true,30000,120000,3750,30000,120000,3750,true,4.47648 USD per Hour,5.34528 USD per Hour,,4.30848 USD per Hour,4.43348 USD per Hour,,,,,,,,,,,,,,,,,,,,,,,,,,,,,,
c6a.24xlarge,c6a,24xlarge,"us-east-1, us-east-1a, us-east-1b, us-east-1c, us-east-1d, us-east-1f",false,false,false,nitro,96,x86_64,48,"4,6,8,10,12,14,16,32,48",2,"1,2",3.6,192,0,-,-,0,supported,default,37.5 Gigabit,required,15,50,50,true,"cluster, partition, spread",0,0,true,supported,ebs,true,-,-,true,30000,120000,3750,30000,120000,3750,true,3.84 USD per Hour,4.7088 USD per Hour,8.088 USD per Hour,3.672 USD per Hour,3.797 USD per Hour,,,,,,,,,,,,,,,,,,,,,,,,,,,,,,
m6gd.xlarge,m6gd,xlarge,"us-east-1, us-east-1a, us-east-1b, us-east-1c, us-east-1d, us-east-1f",false,false,false,nitro,4,arm64,4,"1,2,3,4",1,1,2.5,16,237,true,ssd,1,supported,default,Up to 10 Gigabit,required,4,15,15,true,"cluster, partition, spread",0,0,-,unsupported,ebs,true,true,-,true,1188,6000,148.5,4750,20000,593.75,false,0.1878 USD per Hour,0.2384 USD per Hour,,0.1808 USD per Hour,0.2371 USD per Hour,,,,,,,,,,,,,,,,,,,,,,,,,,,,,,
x1e.2xlarge,x1e,2xlarge,"us-east-1, us-east-1a, us-east-1b, us-east-1c, us-east-1d",false,false,false,xen,8,x86_64,4,"1,2,3,4",2,"1,2",2.3,244,240,true,ssd,1,supported,default,Up to 10 Gigabit,supported,4,15,15,true,"cluster, partition, spread",0,0,true,unsupported,ebs,true,-,-,true,1000,7400,125,1000,7400,125,false,1.682 USD per Hour,1.783 USD per Hour,2.036 USD per Hour,1.668 USD per Hour,1.768 USD per Hour,,,,,,,,,,,,,,,,,,,,,,,,,,,,,,
c6a.16xlarge,c6a,16xlarge,"us-east-1, us-east-1a, us-east-1b, us-east-1c, us-east-1d, us-east-1f",false,false,false,nitro,64,x86_64,32,"4,6,8,10,12,14,16,32",2,"1,2",3.6,128,0,-,-,0,supported,default,25 Gigabit,required,15,50,50,true,"cluster, partition, spread",0,0,true,supported,ebs,true,true,-,true,20000,80000,2500,20000,80000,2500,true,2.56 USD per Hour,3.1392 USD per Hour,5.392 USD per Hour,2.448 USD per Hour,2.573 USD per Hour,,,,,,,,,,,,,,,,,,,,,,,,,,,,,,
f2.6xlarge,f2,6xlarge,"us-east-1, us-east-1a, us-east-1b, us-east-1c, us-east-1d",false,false,false,nitro,24,x86_64,12,"1,2,3,6,9,12",2,"1,2",3.4,256,940,true,ssd,1,supported,default,12.5 Gigabit,required,8,30,30,true,"cluster, partition, spread",0,1,-,unsupported,ebs,true,-,-,true,7500,30000,937.5,7500,30000,937.5,false,2.022 USD per Hour,2.2392 USD per Hour,,1.98 USD per Hour,2.105 USD per Hour,,,,,,,,,,,,,,,,,,,,,,,,,,,,,,
c7a.xlarge,c7a,xlarge,"us-east-1, us-east-1a, us-east-1b, us-east-1c, us-east-1d, us-east-1f",false,false,false,nitro,4,x86_64,4,"1,2,3,4",1,1,3.7,8,0,-,-,0,supported,default,Up to 12.5 Gigabit,required,4,15,15,true,"cluster, partition, spread",0,0,true,supported,ebs,true,true,-,true,1250,6000,156.25,10000,40000,1250,false,0.21228 USD per Hour,0.26288 USD per Hour,0.38928 USD per Hour,0.20528 USD per Hour,0.26158 USD per Hour,,,,,,,,,,,,,,,,,,,,,,,,,,,,,,
c3.8xlarge,c3,8xlarge,"us-east-1, us-east-1b, us-east-1c, us-east-1d, us-east-1e",false,false,false,xen,32,x86_64,16,"2,4,6,8,10,12,14,16",2,"1,2",2.8,60,640,true,ssd,2,supported,unsupported,10 Gigabit,unsupported,8,30,30,true,"cluster, partition, spread",0,0,true,unsupported,"ebs, instance-store",true,true,-,false,0,0,0,0,0,0,false,,2.026 USD per Hour,3.008 USD per Hour,1.68 USD per Hour,1.78 USD per Hour,,,,,,,,,,,,,,,,,,,,,,,,,,,,,,
x8g.2xlarge,x8g,2xlarge,"us-east-1, us-east-1a, us-east-1b, us-east-1c, us-east-1d",false,false,false,nitro,8,arm64,8,"1,2,3,4,5,6,7,8",1,1,2.8,128,0,-,-,0,supported,default,Up to 15 Gigabit,required,4,15,15,true,"cluster, partition, spread",0,0,true,supported,ebs,true,-,-,true,2500,12000,312.5,10000,40000,1250,false,0.7956 USD per Hour,0.8968 USD per Hour,,0.7816 USD per Hour,0.9066 USD per Hour,,,,,,,,,,,,,,,,,,,,,,,,,,,,,,
is4gen.4xlarge,is4gen,4xlarge,"us-east-1, us-east-1a, us-east-1b, us-east-1c, us-east-1d",false,false,false,nitro,16,arm64,16,"1,2,3,4,5,6,7,8,9,10,11,12,13,14,15,16",1,1,2.5,96,15000,true,ssd,2,supported,default,25 Gigabit,required,8,30,30,true,"cluster, partition, spread",0,0,-,unsupported,ebs,-,true,-,true,10000,40000,1250,10000,40000,1250,false,2.3332 USD per Hour,2.478 USD per Hour,,2.3052 USD per Hour,2.4302 USD per Hour,,,,,,,,,,,,,,,,,,,,,,,,,,,,,,
x1e.8xlarge,x1e,8xlarge,"us-east-1, us-east-1a, us-east-1b, us-east-1c, us-east-1d",false,false,false,xen,32,x86_64,16,"1,2,3,4,5,6,7,8,9,10,11,12,13,14,15,16",2,"1,2",2.3,976,960,true,ssd,1,supported,default,Up to 10 Gigabit,supported,4,15,15,true,"cluster, partition, spread",0,0,true,unsupported,ebs,true,-,-,true,3500,20000,437.5,3500,20000,437.5,false,6.728 USD per Hour,7.018 USD per Hour,8.144 USD per Hour,6.672 USD per Hour,6.772 USD per Hour,,,,,,,,,,,,,,,,,,,,,,,,,,,,,,
m8gd.metal-48xl,m8gd,metal-48xl,"us-east-1, us-east-1a, us-east-1b, us-east-1c, us-east-1d, us-east-1f",false,false,true,,192,arm64,192,-,1,-,2.7,768,11400,true,ssd,6,supported,default,50 Gigabit,required,15,50,50,true,"cluster, partition, spread",0,0,-,unsupported,ebs,true,-,-,true,40000,240000,5000,40000,240000,5000,true,11.40672 USD per Hour,12.91392 USD per Hour,,11.07072 USD per Hour,11.19572 USD per Hour,,,,,,,,,,,,,,,,,,,,,,,,,,,,,,
c8gn.4xlarge,c8gn,4xlarge,"us-east-1, us-east-1b, us-east-1c, us-east-1d, us-east-1f",false,false,false,nitro,16,arm64,16,"1,2,3,4,5,6,7,8,9,10,11,12,13,14,15,16",1,1,2.8,32,0,-,-,0,supported,default,50 Gigabit,required,8,30,30,true,"cluster, partition, spread",0,0,true,supported,ebs,true,true,-,true,10000,40000,1250,10000,40000,1250,false,0.976 USD per Hour,1.1208 USD per Hour,,0.948 USD per Hour,1.073 USD per Hour,,,,,,,,,,,,,,,,,,,,,,,,,,,,,,
i7ie.18xlarge,i7ie,18xlarge,"us-east-1, us-east-1a, us-east-1b, us-east-1c, us-east-1d, us-east-1f",false,false,false,nitro,72,x86_64,36,"1,2,3,4,5,6,7,8,9,10,11,12,13,14,15,16,17,18,19,20,21,22,23,24,25,26,27,28,29,30,31,32,33,34,35,36",2,"1,2",3.6,576,45000,true,ssd,6,supported,default,Up to 75 Gigabit,required,15,50,50,true,"cluster, partition, spread",0,0,-,unsupported,ebs,true,-,-,true,22500,90000,2812.5,22500,90000,2812.5,true,9.4824 USD per Hour,10.134 USD per Hour,12.6684 USD per Hour,9.3564 USD per Hour,9.4814 USD per Hour,,,,,,,,,,,,,,,,,,,,,,,,,,,,,,
r6a.xlarge,r6a,xlarge,"us-east-1, us-east-1a, us-east-1b, us-east-1c, us-east-1d, us-east-1f",false,false,false,nitro,4,x86_64,2,"1,2",2,"1,2",3.6,32,0,-,-,0,supported,default,Up to 12.5 Gigabit,required,4,15,15,true,"cluster, partition, spread",0,0,true,supported,ebs,true,true,-,true,1250,6000,156.25,10000,40000,1250,false,0.2338 USD per Hour,0.2844 USD per Hour,0.4108 USD per Hour,0.2268 USD per Hour,0.2831 USD per Hour,,,,,,,,,,,,,,,,,,,,,,,,,,,,,,
x2gd.metal,x2gd,metal,"us-east-1, us-east-1a, us-east-1b, us-east-1c, us-east-1d, us-east-1f",false,false,true,,64,arm64,64,-,1,-,2.5,1024,3800,true,ssd,2,supported,default,25 Gigabit,required,15,50,50,true,"cluster, partition, spread",0,0,-,unsupported,ebs,true,-,-,true,19000,80000,2375,19000,80000,2375,false,5.456 USD per Hour,6.0352 USD per Hour,,5.344 USD per Hour,5.469 USD per Hour,,,,,,,,,,,,,,,,,,,,,,,,,,,,,,
c6gn.16xlarge,c6gn,16xlarge,"us-east-1, us-east-1a, us-east-1b, us-east-1c, us-east-1d, us-east-1f",false,false,false,nitro,64,arm64,64,"1,2,3,4,5,6,7,8,9,10,11,12,13,14,15,16,17,18,19,20,21,22,23,24,25,26,27,28,29,30,31,32,33,34,35,36,37,38,39,40,41,42,43,44,45,46,47,48,49,50,51,52,53,54,55,56,57,58,59,60,61,62,63,64",1,1,2.5,128,0,-,-,0,supported,default,100 Gigabit,required,15,50,50,true,"cluster, partition, spread",0,0,true,supported,ebs,true,true,-,false,38000,160000,4750,38000,160000,4750,true,2.8768 USD per Hour,3.456 USD per Hour,,2.7648 USD per Hour,2.8898 USD per Hour,,,,,,,,,,,,,,,,,,,,,,,,,,,,,,
c8g.48xlarge,c8g,48xlarge,"us-east-1, us-east-1a, us-east-1b, us-east-1c, us-east-1d, us-east-1f",false,false,false,nitro,192,arm64,192,"4,6,8,10,12,14,16,18,20,22,24,26,28,30,32,34,36,38,40,42,44,46,48,50,52,54,56,58,60,62,64,66,68,70,72,74,76,78,80,82,84,86,88,90,92,94,96,98,100,102,104,106,108,110,112,114,116,118,120,122,124,126,128,130,132,134,136,138,140,142,144,146,148,150,152,154,156,158,160,162,164,166,168,170,172,174,176,178,180,182,184,186,188,190,192",1,1,2.7,384,0,-,-,0,supported,default,50 Gigabit,required,15,50,50,true,"cluster, partition, spread",0,0,true,supported,ebs,true,-,-,true,40000,240000,5000,40000,240000,5000,true,7.99296 USD per Hour,9.50016 USD per Hour,,7.65696 USD per Hour,7.78196 USD per Hour,,,,,,,,,,,,,,,,,,,,,,,,,,,,,,
c7gd.medium,c7gd,medium,"us-east-1, us-east-1a, us-east-1b, us-east-1c, us-east-1d, us-east-1f",false,false,false,nitro,1,arm64,1,-,1,-,2.6,2,59,true,ssd,1,supported,default,Up to 12.5 Gigabit,required,2,4,4,true,"cluster, partition, spread",0,0,-,unsupported,ebs,true,true,-,true,315,2500,39.375,10000,40000,1250,false,0.0471 USD per Hour,0.0598 USD per Hour,,0.0454 USD per Hour,0.1017 USD per Hour,,,,,,,,,,,,,,,,,,,,,,,,,,,,,,
m5zn.2xlarge,m5zn,2xlarge,"us-east-1, us-east-1a, us-east-1b, us-east-1c, us-east-1d, us-east-1f",false,false,false,nitro,8,x86_64,4,"2,4",2,"1,2",4.5,32,0,-,-,0,supported,default,Up to 25 Gigabit,required,4,15,15,true,"cluster, partition, spread",0,0,true,supported,ebs,true,-,-,true,3170,13333,396.25,3170,13333,396.25,false,0.6747 USD per Hour,0.7759 USD per Hour,1.0287 USD per Hour,0.6607 USD per Hour,0.7857 USD per Hour,,,,,,,,,,,,,,,,,,,,,,,,,,,,,,
c6gd.metal,c6gd,metal,"us-east-1, us-east-1a, us-east-1b, us-east-1c, us-east-1d, us-east-1f",false,false,true,,64,arm64,64,-,1,-,2.5,128,3800,true,ssd,2,supported,default,25 Gigabit,required,15,50,50,true,"cluster, partition, spread",0,0,-,unsupported,ebs,true,-,-,true,19000,80000,2375,19000,80000,2375,false,2.5696 USD per Hour,3.1488 USD per Hour,,2.4576 USD per Hour,2.5826 USD per Hour,,,,,,,,,,,,,,,,,,,,,,,,,,,,,,
m5n.16xlarge,m5n,16xlarge,"us-east-1, us-east-1a, us-east-1b, us-east-1c, us-east-1d, us-east-1f",false,false,false,nitro,64,x86_64,32,"2,4,6,8,10,12,14,16,18,20,22,24,26,28,30,32",2,"1,2",3.1,256,0,-,-,0,supported,default,75 Gigabit,required,15,50,50,true,"cluster, partition, spread",0,0,true,supported,ebs,true,-,-,true,13600,60000,1700,13600,60000,1700,false,3.92 USD per Hour,4.499 USD per Hour,6.752 USD per Hour,3.808 USD per Hour,3.933 USD per Hour,,,,,,,,,,,,,,,,,,,,,,,,,,,,,,
r8gd.xlarge,r8gd,xlarge,"us-east-1, us-east-1a, us-east-1b, us-east-1c, us-east-1d, us-east-1f",false,false,false,nitro,4,arm64,4,"1,2,3,4",1,1,2.8,32,237,true,ssd,1,supported,default,Up to 12.5 Gigabit,required,4,15,15,true,"cluster, partition, spread",0,0,-,unsupported,ebs,true,true,-,true,1250,6000,156.25,10000,40000,1250,false,0.30092 USD per Hour,0.35152 USD per Hour,,0.29392 USD per Hour,0.35022 USD per Hour,,,,,,,,,,,,,,,,,,,,,,,,,,,,,,
c7i.2xlarge,c7i,2xlarge,"us-east-1, us-east-1a, us-east-1b, us-east-1c, us-east-1d, us-east-1f",false,false,false,nitro,8,x86_64,4,"1,2,3,4",2,"1,2",3.2,16,0,-,-,0,supported,default,Up to 12.5 Gigabit,required,4,15,15,true,"cluster, partition, spread",0,0,true,supported,ebs,true,true,-,true,2500,12000,312.5,10000,40000,1250,false,0.371 USD per Hour,0.4722 USD per Hour,0.725 USD per Hour,0.357 USD per Hour,0.482 USD per Hour,,,,,,,,,,,,,,,,,,,,,,,,,,,,,,
g6.24xlarge,g6,24xlarge,"us-east-1, us-east-1a, us-east-1b, us-east-1c, us-east-1d",false,false,false,nitro,96,x86_64,48,"1,2,3,4,5,6,12,18,24,30,36,42,48",2,"1,2",3.4,384,3760,true,ssd,4,supported,default,50 Gigabit,required,15,50,50,true,"cluster, partition, spread",4,0,-,unsupported,ebs,true,-,-,true,30000,120000,3750,30000,120000,3750,false,6.8432 USD per Hour,7.712 USD per Hour,11.0912 USD per Hour,6.6752 USD per Hour,6.8002 USD per Hour,,,,,,,,,,,,,,,,,,,,,,,,,,,,,,
r6gd.medium,r6gd,medium,"us-east-1, us-east-1a, us-east-1b, us-east-1c, us-east-1d, us-east-1f",false,false,false,nitro,1,arm64,1,-,1,-,2.5,8,59,true,ssd,1,supported,default,Up to 10 Gigabit,required,2,4,4,true,"cluster, partition, spread",0,0,-,unsupported,ebs,true,true,-,true,315,2500,39.375,4750,20000,593.75,false,0.0594 USD per Hour,0.072 USD per Hour,,0.0576 USD per Hour,0.0886 USD per Hour,,,,,,,,,,,,,,,,,,,,,,,,,,,,,,
r6id.16xlarge,r6id,16xlarge,"us-east-1, us-east-1a, us-east-1b, us-east-1c, us-east-1d, us-east-1f",false,false,false,nitro,64,x86_64,32,"2,4,6,8,10,12,14,16,18,20,22,24,26,28,30,32",2,"1,2",3.5,512,3800,true,ssd,2,supported,default,25 Gigabit,required,15,50,50,true,"cluster, partition, spread",0,0,-,unsupported,ebs,true,-,-,true,20000,80000,2500,20000,80000,2500,true,4.9504 USD per Hour,5.5296 USD per Hour,7.7824 USD per Hour,4.8384 USD per Hour,4.9634 USD per Hour,,,,,,,,,,,,,,,,,,,,,,,,,,,,,,
r6g.medium,r6g,medium,"us-east-1, us-east-1a, us-east-1b, us-east-1c, us-east-1d, us-east-1f",false,false,false,nitro,1,arm64,1,-,1,-,2.5,8,0,-,-,0,supported,default,Up to 10 Gigabit,required,2,4,4,true,"cluster, partition, spread",0,0,true,supported,ebs,true,true,-,true,315,2500,39.375,4750,20000,593.75,false,0.0522 USD per Hour,0.0648 USD per Hour,,0.0504 USD per Hour,0.0814 USD per Hour,,,,,,,,,,,,,,,,,,,,,,,,,,,,,,
r6g.16xlarge,r6g,16xlarge,"us-east-1, us-east-1a, us-east-1b, us-east-1c, us-east-1d, us-east-1f",false,false,false,nitro,64,arm64,64,"1,2,3,4,5,6,7,8,9,10,11,12,13,14,15,16,17,18,19,20,21,22,23,24,25,26,27,28,29,30,31,32,33,34,35,36,37,38,39,40,41,42,43,44,45,46,47,48,49,50,51,52,53,54,55,56,57,58,59,60,61,62,63,64",1,1,2.5,512,0,-,-,0,supported,default,25 Gigabit,required,15,50,50,true,"cluster, partition, spread",0,0,true,supported,ebs,true,-,-,true,19000,80000,2375,19000,80000,2375,false,3.3376 USD per Hour,3.9168 USD per Hour,,3.2256 USD per Hour,3.3506 USD per Hour,,,,,,,,,,,,,,,,,,,,,,,,,,,,,,
r6idn.16xlarge,r6idn,16xlarge,"us-east-1, us-east-1a, us-east-1b, us-east-1c, us-east-1d, us-east-1f",false,false,false,nitro,64,x86_64,32,"1,2,3,4,5,6,7,8,9,10,11,12,13,14,15,16,17,18,19,20,21,22,23,24,25,26,27,28,29,30,31,32",2,"1,2",3.5,512,3800,true,ssd,2,supported,default,100 Gigabit,required,15,50,50,true,"cluster, partition, spread",0,0,-,unsupported,ebs,true,-,-,true,50000,200000,6250,50000,200000,6250,true,6.36448 USD per Hour,6.94368 USD per Hour,9.19648 USD per Hour,6.25248 USD per Hour,6.37748 USD per Hour,,,,,,,,,,,,,,,,,,,,,,,,,,,,,,
r5dn.8xlarge,r5dn,8xlarge,"us-east-1, us-east-1a, us-east-1b, us-east-1c, us-east-1d, us-east-1f",false,false,false,nitro,32,x86_64,16,"2,4,6,8,10,12,14,16",2,"1,2",3.1,256,1200,true,ssd,2,supported,default,25 Gigabit,required,8,30,30,true,"cluster, partition, spread",0,0,-,unsupported,ebs,true,-,-,true,6800,30000,850,6800,30000,850,false,2.728 USD per Hour,3.0176 USD per Hour,4.144 USD per Hour,2.672 USD per Hour,,,,,,,,,,,,,,,,,,,,,,,,,,,,,,,
t1.micro,t1,micro,"us-east-1, us-east-1a, us-east-1b, us-east-1c, us-east-1d, us-east-1f",false,false,false,xen,1,"i386, x86_64",1,-,1,-,,0.612,0,-,-,0,supported,unsupported,Very Low,unsupported,2,2,0,-,"partition, spread",0,0,true,supported,ebs,-,-,-,false,0,0,0,0,0,0,false,,0.03 USD per Hour,0.02 USD per Hour,0.02 USD per Hour,0.02 USD per Hour,,,,,,,,,,,,,,,,,,,,,,,,,,,,,,
r5a.xlarge,r5a,xlarge,"us-east-1, us-east-1a, us-east-1b, us-east-1c, us-east-1d, us-east-1f",false,false,false,nitro,4,x86_64,2,2,2,"1,2",2.5,32,0,-,-,0,supported,default,Up to 10 Gigabit,required,4,15,15,true,"cluster, partition, spread",0,0,true,supported,ebs,-,true,-,true,1085,6000,135.625,2880,16000,360,false,0.233 USD per Hour,0.284 USD per Hour,0.41 USD per Hour,0.226 USD per Hour,0.282 USD per Hour,,,,,,,,,,,,,,,,,,,,,,,,,,,,,,
r8g.12xlarge,r8g,12xlarge,"us-east-1, us-east-1a, us-east-1b, us-east-1c, us-east-1d, us-east-1f",false,false,false,nitro,48,arm64,48,"1,2,3,4,5,6,7,8,9,10,11,12,13,14,15,16,17,18,19,20,21,22,23,24,25,26,27,28,29,30,31,32,33,34,35,36,37,38,39,40,41,42,43,44,45,46,47,48",1,1,2.8,384,0,-,-,0,supported,default,22.5 Gigabit,required,8,30,30,true,"cluster, partition, spread",0,0,true,supported,ebs,true,-,-,true,15000,60000,1875,15000,60000,1875,true,2.91168 USD per Hour,3.34608 USD per Hour,,2.82768 USD per Hour,2.95268 USD per Hour,,,,,,,,,,,,,,,,,,,,,,,,,,,,,,
c3.large,c3,large,"us-east-1, us-east-1b, us-east-1c, us-east-1d, us-east-1e",false,false,false,xen,2,"i386, x86_64",1,1,2,"1,2",2.8,3.75,32,true,ssd,2,supported,unsupported,Moderate,unsupported,3,10,10,true,"cluster, partition, spread",0,0,true,unsupported,"ebs, instance-store",true,true,-,false,0,0,0,0,0,0,false,,0.134 USD per Hour,0.188 USD per Hour,0.105 USD per Hour,0.205 USD per Hour,,,,,,,,,,,,,,,,,,,,,,,,,,,,,,
r7iz.8xlarge,r7iz,8xlarge,"us-east-1, us-east-1a, us-east-1b, us-east-1c, us-east-1d, us-east-1f",false,false,false,nitro,32,x86_64,16,"1,2,3,4,5,6,7,8,9,10,11,12,13,14,15,16",2,"1,2",3.9,256,0,-,-,0,supported,default,12.5 Gigabit,required,8,30,30,true,"cluster, partition, spread",0,0,true,supported,ebs,true,-,-,true,10000,40000,1250,10000,40000,1250,false,3.032 USD per Hour,3.3216 USD per Hour,4.448 USD per Hour,2.976 USD per Hour,3.101 USD per Hour,,,,,,,,,,,,,,,,,,,,,,,,,,,,,,
m8g.8xlarge,m8g,8xlarge,"us-east-1, us-east-1a, us-east-1b, us-east-1c, us-east-1d, us-east-1f",false,false,false,nitro,32,arm64,32,"1,2,3,4,5,6,7,8,9,10,11,12,13,14,15,16,17,18,19,20,21,22,23,24,25,26,27,28,29,30,31,32",1,1,2.8,128,0,-,-,0,supported,default,15 Gigabit,required,8,30,30,true,"cluster, partition, spread",0,0,true,supported,ebs,true,true,-,true,10000,40000,1250,10000,40000,1250,false,1.49216 USD per Hour,1.78176 USD per Hour,,1.43616 USD per Hour,1.56116 USD per Hour,,,,,,,,,,,,,,,,,,,,,,,,,,,,,,
m6gd.4xlarge,m6gd,4xlarge,"us-east-1, us-east-1a, us-east-1b, us-east-1c, us-east-1d, us-east-1f",false,false,false,nitro,16,arm64,16,"1,2,3,4,5,6,7,8,9,10,11,12,13,14,15,16",1,1,2.5,64,950,true,ssd,1,supported,default,Up to 10 Gigabit,required,8,30,30,true,"cluster, partition, spread",0,0,-,unsupported,ebs,true,true,-,true,4750,20000,593.75,4750,20000,593.75,false,0.7512 USD per Hour,0.896 USD per Hour,,0.7232 USD per Hour,0.8482 USD per Hour,,,,,,,,,,,,,,,,,,,,,,,,,,,,,,
m5d.xlarge,m5d,xlarge,"us-east-1, us-east-1a, us-east-1b, us-east-1c, us-east-1d, us-east-1f",false,false,false,nitro,4,x86_64,2,2,2,"1,2",3.1,16,150,true,ssd,1,supported,default,Up to 10 Gigabit,required,4,15,15,true,"cluster, partition, spread",0,0,-,unsupported,ebs,true,true,-,true,1150,6000,143.75,4750,18750,593.75,false,0.233 USD per Hour,0.284 USD per Hour,0.41 USD per Hour,0.226 USD per Hour,0.282 USD per Hour,,,,,,,,,,,,,,,,,,,,,,,,,,,,,,
c7gn.xlarge,c7gn,xlarge,"us-east-1, us-east-1a, us-east-1b, us-east-1c, us-east-1d, us-east-1f",false,false,false,nitro,4,arm64,4,"1,2,3,4",1,1,2.6,8,0,-,-,0,supported,default,Up to 40 Gigabit,required,4,15,15,true,"cluster, partition, spread",0,0,true,supported,ebs,true,true,-,true,2083,8333,260.375,10000,40000,1250,false,0.2566 USD per Hour,0.3072 USD per Hour,,0.2496 USD per Hour,0.3059 USD per Hour,,,,,,,,,,,,,,,,,,,,,,,,,,,,,,
r5.24xlarge,r5,24xlarge,"us-east-1, us-east-1a, us-east-1b, us-east-1c, us-east-1d, us-east-1f",false,false,false,nitro,96,x86_64,48,"4,6,8,10,12,14,16,18,20,22,24,26,28,30,32,34,36,38,40,42,44,46,48",2,"1,2",3.1,768,0,-,-,0,supported,default,25 Gigabit,required,15,50,50,true,"cluster, partition, spread",0,0,true,supported,ebs,true,-,-,true,19000,80000,2375,19000,80000,2375,false,6.216 USD per Hour,7.085 USD per Hour,10.464 USD per Hour,6.048 USD per Hour,6.173 USD per Hour,,,,,,,,,,,,,,,,,,,,,,,,,,,,,,
m7i-flex.12xlarge,m7i-flex,12xlarge,"us-east-1, us-east-1a, us-east-1b, us-east-1c, us-east-1d",false,false,false,nitro,48,x86_64,24,"1,2,3,4,5,6,7,8,9,10,11,12,13,14,15,16,17,18,19,20,21,22,23,24",2,"1,2",3.2,192,0,-,-,0,supported,default,Up to 18.75 Gigabit,required,8,30,30,true,"partition, spread",0,0,true,supported,ebs,-,true,-,true,7500,30000,937.5,15000,60000,1875,false,2.38224 USD per Hour,2.81664 USD per Hour,4.50624 USD per Hour,2.29824 USD per Hour,2.42324 USD per Hour,,,,,,,,,,,,,,,,,,,,,,,,,,,,,,
m7i.metal-24xl,m7i,metal-24xl,"us-east-1, us-east-1a, us-east-1b, us-east-1c, us-east-1d, us-east-1f",false,false,true,,96,x86_64,48,-,2,-,3.2,384,0,-,-,0,supported,default,37.5 Gigabit,required,15,50,50,true,"cluster, partition, spread",0,0,true,supported,ebs,-,-,-,true,30000,120000,3750,30000,120000,3750,true,5.0064 USD per Hour,5.8752 USD per Hour,9.2544 USD per Hour,4.8384 USD per Hour,4.9634 USD per Hour,,,,,,,,,,,,,,,,,,,,,,,,,,,,,,
r7a.xlarge,r7a,xlarge,"us-east-1, us-east-1a, us-east-1b, us-east-1c, us-east-1d, us-east-1f",false,false,false,nitro,4,x86_64,4,"1,2,3,4",1,1,3.7,32,0,-,-,0,supported,default,Up to 12.5 Gigabit,required,4,15,15,true,"cluster, partition, spread",0,0,true,supported,ebs,true,true,-,true,1250,6000,156.25,10000,40000,1250,false,0.3113 USD per Hour,0.3619 USD per Hour,0.4883 USD per Hour,0.3043 USD per Hour,0.3606 USD per Hour,,,,,,,,,,,,,,,,,,,,,,,,,,,,,,
m6gd.12xlarge,m6gd,12xlarge,"us-east-1, us-east-1a, us-east-1b, us-east-1c, us-east-1d, us-east-1f",false,false,false,nitro,48,arm64,48,"1,2,3,4,5,6,7,8,9,10,11,12,13,14,15,16,17,18,19,20,21,22,23,24,25,26,27,28,29,30,31,32,33,34,35,36,37,38,39,40,41,42,43,44,45,46,47,48",1,1,2.5,192,2850,true,ssd,2,supported,default,20 Gigabit,required,8,30,30,true,"cluster, partition, spread",0,0,-,unsupported,ebs,true,-,-,true,14250,50000,1781.25,14250,50000,1781.25,false,2.2536 USD per Hour,2.688 USD per Hour,,2.1696 USD per Hour,2.2946 USD per Hour,,,,,,,,,,,,,,,,,,,,,,,,,,,,,,
g5.2xlarge,g5,2xlarge,"us-east-1, us-east-1a, us-east-1b, us-east-1c, us-east-1d, us-east-1f",false,false,false,nitro,8,x86_64,4,-,2,-,3.3,32,450,true,ssd,1,supported,default,Up to 10 Gigabit,required,4,15,15,true,"cluster, partition, spread",1,0,-,unsupported,ebs,-,-,-,true,850,3500,106.25,3500,15000,437.5,false,1.226 USD per Hour,1.3272 USD per Hour,1.58 USD per Hour,1.212 USD per Hour,1.337 USD per Hour,,,,,,,,,,,,,,,,,,,,,,,,,,,,,,
m5a.2xlarge,m5a,2xlarge,"us-east-1, us-east-1a, us-east-1b, us-east-1c, us-east-1d, us-east-1f",false,false,false,nitro,8,x86_64,4,"2,4",2,"1,2",2.5,32,0,-,-,0,supported,default,Up to 10 Gigabit,required,4,15,15,true,"cluster, partition, spread",0,0,true,supported,ebs,-,true,-,true,1580,8333,197.5,2880,16000,360,false,0.358 USD per Hour,0.459 USD per Hour,0.712 USD per Hour,0.344 USD per Hour,0.469 USD per Hour,,,,,,,,,,,,,,,,,,,,,,,,,,,,,,
is4gen.xlarge,is4gen,xlarge,"us-east-1, us-east-1a, us-east-1b, us-east-1c, us-east-1d",false,false,false,nitro,4,arm64,4,"1,2,3,4",1,1,2.5,24,3750,true,ssd,1,supported,default,Up to 25 Gigabit,required,4,15,15,true,"cluster, partition, spread",0,0,-,unsupported,ebs,-,true,-,true,2500,10000,312.5,10000,40000,1250,false,0.5833 USD per Hour,0.6339 USD per Hour,,0.5763 USD per Hour,0.6326 USD per Hour,,,,,,,,,,,,,,,,,,,,,,,,,,,,,,
t4g.nano,t4g,nano,"us-east-1, us-east-1a, us-east-1b, us-east-1c, us-east-1d, us-east-1f",false,false,false,nitro,2,arm64,2,"1,2",1,1,2.5,0.5,0,-,-,0,supported,default,Up to 5 Gigabit,required,2,2,2,true,"partition, spread",0,0,true,supported,ebs,-,true,true,true,43,250,5.375,2085,11800,260.625,false,0.0077 USD per Hour,,,0.0042 USD per Hour,0.0042 USD per Hour,,,,,,,,,,,,,,,,,,,,,,,,,,,,,,
x2iedn.2xlarge,x2iedn,2xlarge,"us-east-1, us-east-1a, us-east-1b, us-east-1c, us-east-1d, us-east-1f",false,false,false,nitro,8,x86_64,4,"2,4",2,"1,2",3.5,256,237,true,ssd,1,supported,default,Up to 25 Gigabit,required,4,15,15,true,"cluster, partition, spread",0,0,true,unsupported,ebs,true,-,-,true,5000,16250,625,20000,65000,2500,false,1.68125 USD per Hour,1.78245 USD per Hour,2.03525 USD per Hour,1.66725 USD per Hour,1.79225 USD per Hour,,,,,,,,,,,,,,,,,,,,,,,,,,,,,,
g5.4xlarge,g5,4xlarge,"us-east-1, us-east-1a, us-east-1b, us-east-1c, us-east-1d, us-east-1f",false,false,false,nitro,16,x86_64,8,-,2,-,3.3,64,600,true,ssd,1,supported,default,Up to 25 Gigabit,required,8,30,30,true,"cluster, partition, spread",1,0,-,unsupported,ebs,-,-,-,true,4750,20000,593.75,4750,20000,593.75,false,1.652 USD per Hour,1.7968 USD per Hour,2.36 USD per Hour,1.624 USD per Hour,1.749 USD per Hour,,,,,,,,,,,,,,,,,,,,,,,,,,,,,,
r6i.xlarge,r6i,xlarge,"us-east-1, us-east-1a, us-east-1b, us-east-1c, us-east-1d, us-east-1f",false,false,false,nitro,4,x86_64,2,"1,2",2,"1,2",3.5,32,0,-,-,0,supported,default,Up to 12.5 Gigabit,required,4,15,15,true,"cluster, partition, spread",0,0,true,supported,ebs,true,-,-,true,1250,6000,156.25,10000,40000,1250,false,0.259 USD per Hour,0.3096 USD per Hour,0.436 USD per Hour,0.252 USD per Hour,0.3083 USD per Hour,,,,,,,,,,,,,,,,,,,,,,,,,,,,,,
r8g.metal-24xl,r8g,metal-24xl,"us-east-1, us-east-1a, us-east-1b, us-east-1c, us-east-1d, us-east-1f",false,false,true,,96,arm64,96,-,1,-,2.8,768,0,-,-,0,supported,default,40 Gigabit,required,15,50,50,true,"cluster, partition, spread",0,0,true,supported,ebs,true,-,-,true,30000,120000,3750,30000,120000,3750,true,5.82336 USD per Hour,6.69216 USD per Hour,,5.65536 USD per Hour,5.78036 USD per Hour,,,,,,,,,,,,,,,,,,,,,,,,,,,,,,
m2.4xlarge,m2,4xlarge,"us-east-1, us-east-1a, us-east-1b, us-east-1c, us-east-1d",false,false,false,xen,8,x86_64,8,"1,2,3,4,5,6,7,8",1,1,,68.4,1680,true,hdd,2,supported,supported,High,unsupported,8,30,0,-,"partition, spread",0,0,-,unsupported,"ebs, instance-store",-,-,-,false,1000,8000,125,1000,8000,125,false,,1.1 USD per Hour,1.38 USD per Hour,0.98 USD per Hour,1.08 USD per Hour,,,,,,,,,,,,,,,,,,,,,,,,,,,,,,
g6e.48xlarge,g6e,48xlarge,"us-east-1, us-east-1a, us-east-1b, us-east-1c, us-east-1d",false,false,false,nitro,192,x86_64,96,"12,24,36,48,60,72,84,96",2,"1,2",3.4,1536,7600,true,ssd,4,supported,default,400 Gigabit,required,40,50,50,true,"cluster, partition, spread",8,0,-,unsupported,ebs,true,-,-,true,60000,240000,7500,60000,240000,7500,true,30.46718 USD per Hour,31.97438 USD per Hour,38.96318 USD per Hour,30.13118 USD per Hour,30.25618 USD per Hour,,,,,,,,,,,,,,,,,,,,,,,,,,,,,,
m7i.16xlarge,m7i,16xlarge,"us-east-1, us-east-1a, us-east-1b, us-east-1c, us-east-1d, us-east-1f",false,false,false,nitro,64,x86_64,32,"1,2,3,4,5,6,7,8,9,10,11,12,13,14,15,16,17,18,19,20,21,22,23,24,25,26,27,28,29,30,31,32",2,"1,2",3.2,256,0,-,-,0,supported,default,25 Gigabit,required,15,50,50,true,"cluster, partition, spread",0,0,true,supported,ebs,true,-,-,true,20000,80000,2500,20000,80000,2500,true,3.3376 USD per Hour,3.9168 USD per Hour,6.1696 USD per Hour,3.2256 USD per Hour,3.3506 USD per Hour,,,,,,,,,,,,,,,,,,,,,,,,,,,,,,
m6id.2xlarge,m6id,2xlarge,"us-east-1, us-east-1a, us-east-1b, us-east-1c, us-east-1d, us-east-1f",false,false,false,nitro,8,x86_64,4,"2,4",2,"1,2",3.5,32,474,true,ssd,1,supported,default,Up to 12.5 Gigabit,required,4,15,15,true,"cluster, partition, spread",0,0,-,unsupported,ebs,true,true,-,true,2500,12000,312.5,10000,40000,1250,false,0.4886 USD per Hour,0.5898 USD per Hour,0.8426 USD per Hour,0.4746 USD per Hour,0.5996 USD per Hour,,,,,,,,,,,,,,,,,,,,,,,,,,,,,,
x2gd.8xlarge,x2gd,8xlarge,"us-east-1, us-east-1a, us-east-1b, us-east-1c, us-east-1d, us-east-1f",false,false,false,nitro,32,arm64,32,"1,2,3,4,5,6,7,8,9,10,11,12,13,14,15,16,17,18,19,20,21,22,23,24,25,26,27,28,29,30,31,32",1,1,2.5,512,1900,true,ssd,1,supported,default,12 Gigabit,required,8,30,30,true,"cluster, partition, spread",0,0,-,unsupported,ebs,true,-,-,true,9500,40000,1187.5,9500,40000,1187.5,false,2.728 USD per Hour,3.0176 USD per Hour,,2.672 USD per Hour,2.797 USD per Hour,,,,,,,,,,,,,,,,,,,,,,,,,,,,,,
c7gn.16xlarge,c7gn,16xlarge,"us-east-1, us-east-1a, us-east-1b, us-east-1c, us-east-1d, us-east-1f",false,false,false,nitro,64,arm64,64,"1,2,3,4,5,6,7,8,9,10,11,12,13,14,15,16,17,18,19,20,21,22,23,24,25,26,27,28,29,30,31,32,33,34,35,36,37,38,39,40,41,42,43,44,45,46,47,48,49,50,51,52,53,54,55,56,57,58,59,60,61,62,63,64",1,1,2.6,128,0,-,-,0,supported,default,200 Gigabit,required,15,50,50,true,"cluster, partition, spread",0,0,true,supported,ebs,true,true,-,true,33333,133333,4166.625,40000,160000,5000,true,4.1056 USD per Hour,4.6848 USD per Hour,,3.9936 USD per Hour,4.1186 USD per Hour,,,,,,,,,,,,,,,,,,,,,,,,,,,,,,
t2.2xlarge,t2,2xlarge,"us-east-1, us-east-1a, us-east-1b, us-east-1c, us-east-1d, us-east-1e, us-east-1f",false,false,false,xen,8,x86_64,8,-,1,-,2.3,32,0,-,-,0,supported,unsupported,Moderate,unsupported,3,15,15,true,"partition, spread",0,0,true,supported,ebs,-,true,true,true,0,0,0,0,0,0,false,0.3852 USD per Hour,0.4864 USD per Hour,0.4332 USD per Hour,0.3712 USD per Hour,0.4712 USD per Hour,,,,,,,,,,,,,,,,,,,,,,,,,,,,,,
m7g.4xlarge,m7g,4xlarge,"us-east-1, us-east-1a, us-east-1b, us-east-1c, us-east-1d, us-east-1f",false,false,false,nitro,16,arm64,16,"1,2,3,4,5,6,7,8,9,10,11,12,13,14,15,16",1,1,2.6,64,0,-,-,0,supported,default,Up to 15 Gigabit,required,8,30,30,true,"cluster, partition, spread",0,0,true,supported,ebs,true,true,-,true,5000,20000,625,10000,40000,1250,false,0.6808 USD per Hour,0.8256 USD per Hour,,0.6528 USD per Hour,0.7778 USD per Hour,,,,,,,,,,,,,,,,,,,,,,,,,,,,,,
u7i-6tb.112xlarge,u7i-6tb,112xlarge,"us-east-1, us-east-1a, us-east-1b, us-east-1c, us-east-1d",false,false,false,nitro,448,x86_64,224,"8,12,16,20,24,28,32,36,40,44,48,52,56,60,64,68,72,76,80,84,88,92,96,100,104,108,112,116,120,124,128,132,136,140,144,148,152,156,160,164,168,172,176,180,184,188,192,196,200,204,208,212,216,220,224",2,"1,2",1.9,6144,0,-,-,0,supported,default,100 Gigabit,required,15,50,50,true,"cluster, partition, spread",0,0,true,unsupported,ebs,true,-,-,true,100000,560000,12500,100000,560000,12500,true,63.574 USD per Hour,67.0908 USD per Hour,83.398 USD per Hour,62.79 USD per Hour,62.915 USD per Hour,,,,,,,,,,,,,,,,,,,,,,,,,,,,,,
i7ie.24xlarge,i7ie,24xlarge,"us-east-1, us-east-1a, us-east-1b, us-east-1c, us-east-1d, us-east-1f",false,false,false,nitro,96,x86_64,48,"1,2,3,4,5,6,7,8,9,10,11,12,13,14,15,16,17,18,19,20,21,22,23,24,25,26,27,28,29,30,31,32,33,34,35,36,37,38,39,40,41,42,43,44,45,46,47,48",2,"1,2",3.6,768,60000,true,ssd,8,supported,default,Up to 100 Gigabit,required,15,50,50,true,"cluster, partition, spread",0,0,-,unsupported,ebs,true,-,-,true,30000,120000,3750,30000,120000,3750,true,12.6432 USD per Hour,13.512 USD per Hour,16.8912 USD per Hour,12.4752 USD per Hour,12.6002 USD per Hour,,,,,,,,,,,,,,,,,,,,,,,,,,,,,,
r6in.24xlarge,r6in,24xlarge,"us-east-1, us-east-1a, us-east-1b, us-east-1c, us-east-1d, us-east-1f",false,false,false,nitro,96,x86_64,48,"4,6,8,10,12,14,16,18,20,22,24,26,28,30,32,34,36,38,40,42,44,46,48",2,"1,2",3.5,768,0,-,-,0,supported,default,150 Gigabit,required,15,50,50,true,"cluster, partition, spread",0,0,true,supported,ebs,true,-,-,true,75000,300000,9375,75000,300000,9375,true,8.53584 USD per Hour,9.40464 USD per Hour,12.78384 USD per Hour,8.36784 USD per Hour,8.49284 USD per Hour,,,,,,,,,,,,,,,,,,,,,,,,,,,,,,
c8g.2xlarge,c8g,2xlarge,"us-east-1, us-east-1a, us-east-1b, us-east-1c, us-east-1d, us-east-1f",false,false,false,nitro,8,arm64,8,"1,2,3,4,5,6,7,8",1,1,2.8,16,0,-,-,0,supported,default,Up to 15 Gigabit,required,4,15,15,true,"cluster, partition, spread",0,0,true,supported,ebs,true,true,-,true,2500,12000,312.5,10000,40000,1250,false,0.33304 USD per Hour,0.43424 USD per Hour,,0.31904 USD per Hour,0.44404 USD per Hour,,,,,,,,,,,,,,,,,,,,,,,,,,,,,,
r6in.metal,r6in,metal,"us-east-1, us-east-1a, us-east-1b, us-east-1c, us-east-1d, us-east-1f",false,false,true,,128,x86_64,64,-,2,-,3.5,1024,0,-,-,0,supported,default,200 Gigabit,required,16,50,50,true,"cluster, partition, spread",0,0,true,supported,ebs,true,-,-,true,100000,400000,12500,100000,400000,12500,true,11.38112 USD per Hour,12.38592 USD per Hour,17.04512 USD per Hour,11.15712 USD per Hour,11.28212 USD per Hour,,,,,,,,,,,,,,,,,,,,,,,,,,,,,,
c6in.xlarge,c6in,xlarge,"us-east-1, us-east-1a, us-east-1b, us-east-1c, us-east-1d, us-east-1f",false,false,false,nitro,4,x86_64,2,"1,2",2,"1,2",3.5,8,0,-,-,0,supported,default,Up to 30 Gigabit,required,4,15,15,true,"cluster, partition, spread",0,0,true,supported,ebs,true,true,-,true,3125,12500,390.625,25000,100000,3125,false,0.2338 USD per Hour,0.2844 USD per Hour,0.4108 USD per Hour,0.2268 USD per Hour,0.2831 USD per Hour,,,,,,,,,,,,,,,,,,,,,,,,,,,,,,
m6idn.large,m6idn,large,"us-east-1, us-east-1a, us-east-1b, us-east-1c, us-east-1d, us-east-1f",false,false,false,nitro,2,x86_64,1,1,2,"1,2",3.5,8,118,true,ssd,1,supported,default,Up to 25 Gigabit,required,3,10,10,true,"cluster, partition, spread",0,0,-,unsupported,ebs,true,true,-,true,1562,6250,195.3125,25000,100000,3125,false,0.16262 USD per Hour,0.18792 USD per Hour,0.25112 USD per Hour,0.15912 USD per Hour,0.21542 USD per Hour,,,,,,,,,,,,,,,,,,,,,,,,,,,,,,
i3en.12xlarge,i3en,12xlarge,"us-east-1, us-east-1a, us-east-1b, us-east-1c, us-east-1d, us-east-1f",false,false,false,nitro,48,x86_64,24,"2,4,6,8,10,12,14,16,18,20,22,24",2,"1,2",3.1,384,30000,true,ssd,4,supported,default,50 Gigabit,required,8,30,30,true,"cluster, partition, spread",0,0,-,unsupported,ebs,true,-,-,true,9500,40000,1187.5,9500,40000,1187.5,false,5.508 USD per Hour,5.942 USD per Hour,7.632 USD per Hour,5.424 USD per Hour,5.549 USD per Hour,,,,,,,,,,,,,,,,,,,,,,,,,,,,,,
m5a.16xlarge,m5a,16xlarge,"us-east-1, us-east-1a, us-east-1b, us-east-1c, us-east-1d, us-east-1f",false,false,false,nitro,64,x86_64,32,"8,10,12,14,16,18,20,22,24,26,28,30,32",2,"1,2",2.5,256,0,-,-,0,supported,default,12 Gigabit,required,15,50,50,true,"cluster, partition, spread",0,0,true,supported,ebs,-,-,-,true,9500,40000,1187.5,9500,40000,1187.5,false,2.864 USD per Hour,3.443 USD per Hour,5.696 USD per Hour,2.752 USD per Hour,2.877 USD per Hour,,,,,,,,,,,,,,,,,,,,,,,,,,,,,,
m4.4xlarge,m4,4xlarge,"us-east-1, us-east-1a, us-east-1b, us-east-1c, us-east-1d, us-east-1e, us-east-1f",false,false,false,xen,16,x86_64,8,"1,2,3,4,5,6,7,8",2,"1,2",2.4,64,0,-,-,0,supported,default,High,unsupported,8,30,30,true,"cluster, partition, spread",0,0,true,supported,ebs,true,true,-,false,2000,16000,250,2000,16000,250,false,0.828 USD per Hour,0.9728 USD per Hour,1.536 USD per Hour,0.8 USD per Hour,0.9 USD per Hour,,,,,,,,,,,,,,,,,,,,,,,,,,,,,,
x8g.24xlarge,x8g,24xlarge,"us-east-1, us-east-1a, us-east-1b, us-east-1c, us-east-1d",false,false,false,nitro,96,arm64,96,"1,2,3,4,5,6,7,8,9,10,11,12,13,14,15,16,17,18,19,20,21,22,23,24,25,26,27,28,29,30,31,32,33,34,35,36,37,38,39,40,41,42,43,44,45,46,47,48,49,50,51,52,53,54,55,56,57,58,59,60,61,62,63,64,65,66,67,68,69,70,71,72,73,74,75,76,77,78,79,80,81,82,83,84,85,86,87,88,89,90,91,92,93,94,95,96",1,1,2.8,1536,0,-,-,0,supported,default,40 Gigabit,required,15,50,50,true,"cluster, partition, spread",0,0,true,supported,ebs,true,-,-,true,30000,120000,3750,30000,120000,3750,true,9.5472 USD per Hour,10.416 USD per Hour,,9.3792 USD per Hour,9.5042 USD per Hour,,,,,,,,,,,,,,,,,,,,,,,,,,,,,,
g6e.8xlarge,g6e,8xlarge,"us-east-1, us-east-1a, us-east-1b, us-east-1c, us-east-1d",false,false,false,nitro,32,x86_64,16,"2,4,6,8,10,12,14,16",2,"1,2",3.4,256,900,true,ssd,2,supported,default,25 Gigabit,required,8,30,30,true,"cluster, partition, spread",1,0,-,unsupported,ebs,-,-,-,true,16000,64000,2000,16000,64000,2000,false,4.58456 USD per Hour,4.87416 USD per Hour,6.00056 USD per Hour,4.52856 USD per Hour,4.65356 USD per Hour,,,,,,,,,,,,,,,,,,,,,,,,,,,,,,
m6id.xlarge,m6id,xlarge,"us-east-1, us-east-1a, us-east-1b, us-east-1c, us-east-1d, us-east-1f",false,false,false,nitro,4,x86_64,2,"1,2",2,"1,2",3.5,16,237,true,ssd,1,supported,default,Up to 12.5 Gigabit,required,4,15,15,true,"cluster, partition, spread",0,0,-,unsupported,ebs,true,true,-,true,1250,6000,156.25,10000,40000,1250,false,0.2443 USD per Hour,0.2949 USD per Hour,0.4213 USD per Hour,0.2373 USD per Hour,0.2936 USD per Hour,,,,,,,,,,,,,,,,,,,,,,,,,,,,,,
r5n.12xlarge,r5n,12xlarge,"us-east-1, us-east-1a, us-east-1b, us-east-1c, us-east-1d, us-east-1f",false,false,false,nitro,48,x86_64,24,"2,4,6,8,10,12,14,16,18,20,22,24",2,"1,2",3.1,384,0,-,-,0,supported,default,50 Gigabit,required,8,30,30,true,"cluster, partition, spread",0,0,true,supported,ebs,true,-,-,true,9500,40000,1187.5,9500,40000,1187.5,false,3.66 USD per Hour,4.094 USD per Hour,5.784 USD per Hour,3.576 USD per Hour,3.701 USD per Hour,,,,,,,,,,,,,,,,,,,,,,,,,,,,,,
m5ad.12xlarge,m5ad,12xlarge,"us-east-1, us-east-1a, us-east-1b, us-east-1c, us-east-1d, us-east-1f",false,false,false,nitro,48,x86_64,24,"6,12,18,24",2,"1,2",2.2,192,1800,true,ssd,2,supported,default,10 Gigabit,required,8,30,30,true,"cluster, partition, spread",0,0,-,unsupported,ebs,-,-,-,true,6780,30000,847.5,6780,30000,847.5,false,2.556 USD per Hour,2.99 USD per Hour,4.68 USD per Hour,2.472 USD per Hour,2.597 USD per Hour,,,,,,,,,,,,,,,,,,,,,,,,,,,,,,
i2.2xlarge,i2,2xlarge,"us-east-1, us-east-1a, us-east-1b, us-east-1c, us-east-1d, us-east-1e",false,false,false,xen,8,x86_64,4,"1,2,3,4",2,"1,2",2.5,61,1600,true,ssd,2,supported,supported,High,unsupported,4,15,15,true,"cluster, partition, spread",0,0,-,unsupported,"ebs, instance-store",true,-,-,false,1000,8000,125,1000,8000,125,false,,1.821 USD per Hour,1.946 USD per Hour,1.705 USD per Hour,1.805 USD per Hour,,,,,,,,,,,,,,,,,,,,,,,,,,,,,,
r7i.metal-48xl,r7i,metal-48xl,"us-east-1, us-east-1a, us-east-1b, us-east-1c, us-east-1d, us-east-1f",false,false,true,,192,x86_64,96,-,2,-,3.2,1536,0,-,-,0,supported,default,50 Gigabit,required,15,50,50,true,"cluster, partition, spread",0,0,true,supported,ebs,true,-,-,true,40000,240000,5000,40000,240000,5000,true,13.0368 USD per Hour,14.544 USD per Hour,21.5328 USD per Hour,12.7008 USD per Hour,12.8258 USD per Hour,,,,,,,,,,,,,,,,,,,,,,,,,,,,,,
c5n.large,c5n,large,"us-east-1, us-east-1a, us-east-1b, us-east-1c, us-east-1d, us-east-1f",false,false,false,nitro,2,x86_64,1,1,2,"1,2",3.4,5.3,0,-,-,0,supported,default,Up to 25 Gigabit,required,3,10,10,true,"cluster, partition, spread",0,0,true,supported,ebs,true,-,-,true,650,4000,81.25,4750,20000,593.75,false,0.112 USD per Hour,0.137 USD per Hour,0.2 USD per Hour,0.108 USD per Hour,0.164 USD per Hour,,,,,,,,,,,,,,,,,,,,,,,,,,,,,,
x1.16xlarge,x1,16xlarge,"us-east-1, us-east-1a, us-east-1b, us-east-1c, us-east-1d, us-east-1e, us-east-1f",false,false,false,xen,64,x86_64,32,"2,4,6,8,10,12,14,16,18,20,22,24,26,28,30,32",2,"1,2",2.3,976,1920,true,ssd,1,supported,default,10 Gigabit,supported,8,30,30,true,"cluster, partition, spread",0,0,true,unsupported,"ebs, instance-store",true,-,-,true,7000,40000,875,7000,40000,875,false,6.781 USD per Hour,7.36 USD per Hour,9.613 USD per Hour,6.669 USD per Hour,6.769 USD per Hour,,,,,,,,,,,,,,,,,,,,,,,,,,,,,,
trn1.2xlarge,trn1,2xlarge,"us-east-1, us-east-1d, us-east-1f",false,false,false,nitro,8,x86_64,4,"2,4",2,"1,2",3.5,32,474,true,ssd,1,supported,default,Up to 12.5 Gigabit,required,4,15,15,true,"cluster, partition, spread",0,0,-,unsupported,ebs,true,-,-,true,5000,16250,625,20000,65000,2500,false,1.35775 USD per Hour,1.45895 USD per Hour,,1.34375 USD per Hour,1.46875 USD per Hour,,,,,,,,,,,,,,,,,,,,,,,,,,,,,,
m5a.4xlarge,m5a,4xlarge,"us-east-1, us-east-1a, us-east-1b, us-east-1c, us-east-1d, us-east-1f",false,false,false,nitro,16,x86_64,8,"2,4,6,8",2,"1,2",2.5,64,0,-,-,0,supported,default,Up to 10 Gigabit,required,8,30,30,true,"cluster, partition, spread",0,0,true,supported,ebs,-,true,-,true,2880,16000,360,2880,16000,360,false,0.716 USD per Hour,0.861 USD per Hour,1.424 USD per Hour,0.688 USD per Hour,0.813 USD per Hour,,,,,,,,,,,,,,,,,,,,,,,,,,,,,,
m8g.metal-48xl,m8g,metal-48xl,"us-east-1, us-east-1a, us-east-1b, us-east-1c, us-east-1d, us-east-1f",false,false,true,,192,arm64,192,-,1,-,2.7,768,0,-,-,0,supported,default,50 Gigabit,required,15,50,50,true,"cluster, partition, spread",0,0,true,supported,ebs,true,-,-,true,40000,240000,5000,40000,240000,5000,true,8.95296 USD per Hour,10.46016 USD per Hour,,8.61696 USD per Hour,8.74196 USD per Hour,,,,,,,,,,,,,,,,,,,,,,,,,,,,,,
i4i.24xlarge,i4i,24xlarge,"us-east-1, us-east-1a, us-east-1b, us-east-1c, us-east-1d, us-east-1f",false,false,false,nitro,96,x86_64,48,"2,4,6,8,10,12,14,16,18,20,22,24,26,28,30,32,34,36,38,40,42,44,46,48",2,"1,2",3.5,768,22500,true,ssd,6,supported,default,56.25 Gigabit,required,15,30,30,true,"cluster, partition, spread",0,0,-,unsupported,ebs,-,-,-,true,30000,120000,3750,30000,120000,3750,true,8.4048 USD per Hour,9.2736 USD per Hour,12.6528 USD per Hour,8.2368 USD per Hour,8.3618 USD per Hour,,,,,,,,,,,,,,,,,,,,,,,,,,,,,,
c5d.large,c5d,large,"us-east-1, us-east-1a, us-east-1b, us-east-1c, us-east-1d, us-east-1f",false,false,false,nitro,2,x86_64,1,1,2,"1,2",3.4,4,50,true,ssd,1,supported,default,Up to 10 Gigabit,required,3,10,10,true,"cluster, partition, spread",0,0,-,unsupported,ebs,true,true,-,true,650,4000,81.25,4750,20000,593.75,false,0.1 USD per Hour,0.125 USD per Hour,0.188 USD per Hour,0.096 USD per Hour,0.152 USD per Hour,,,,,,,,,,,,,,,,,,,,,,,,,,,,,,
r5ad.24xlarge,r5ad,24xlarge,"us-east-1, us-east-1a, us-east-1b, us-east-1c, us-east-1d, us-east-1f",false,false,false,nitro,96,x86_64,48,"12,18,24,36,48",2,"1,2",2.2,768,3600,true,ssd,4,supported,default,20 Gigabit,required,15,50,50,true,"cluster, partition, spread",0,0,-,unsupported,ebs,-,-,-,true,13570,60000,1696.25,13570,60000,1696.25,false,6.456 USD per Hour,7.325 USD per Hour,10.704 USD per Hour,6.288 USD per Hour,6.413 USD per Hour,,,,,,,,,,,,,,,,,,,,,,,,,,,,,,
c7i-flex.2xlarge,c7i-flex,2xlarge,"us-east-1, us-east-1a, us-east-1b, us-east-1c, us-east-1d, us-east-1f",false,false,false,nitro,8,x86_64,4,"1,2,3,4",2,"1,2",3.2,16,0,-,-,0,supported,default,Up to 12.5 Gigabit,required,4,15,15,true,"partition, spread",0,0,true,supported,ebs,-,true,-,true,1250,6000,156.25,10000,40000,1250,false,0.35315 USD per Hour,0.45435 USD per Hour,0.68875 USD per Hour,0.33915 USD per Hour,0.46415 USD per Hour,,,,,,,,,,,,,,,,,,,,,,,,,,,,,,
c7a.medium,c7a,medium,"us-east-1, us-east-1a, us-east-1b, us-east-1c, us-east-1d, us-east-1f",false,false,false,nitro,1,x86_64,1,-,1,-,3.7,2,0,-,-,0,supported,default,Up to 12.5 Gigabit,required,2,4,4,true,"cluster, partition, spread",0,0,true,supported,ebs,true,true,-,true,325,2500,40.625,10000,40000,1250,false,0.05307 USD per Hour,0.06572 USD per Hour,0.09732 USD per Hour,0.05132 USD per Hour,0.10762 USD per Hour,,,,,,,,,,,,,,,,,,,,,,,,,,,,,,
r6id.2xlarge,r6id,2xlarge,"us-east-1, us-east-1a, us-east-1b, us-east-1c, us-east-1d, us-east-1f",false,false,false,nitro,8,x86_64,4,"2,4",2,"1,2",3.5,64,474,true,ssd,1,supported,default,Up to 12.5 Gigabit,required,4,15,15,true,"cluster, partition, spread",0,0,-,unsupported,ebs,true,-,-,true,2500,12000,312.5,10000,40000,1250,false,0.6188 USD per Hour,0.72 USD per Hour,0.9728 USD per Hour,0.6048 USD per Hour,0.7298 USD per Hour,,,,,,,,,,,,,,,,,,,,,,,,,,,,,,
m5dn.12xlarge,m5dn,12xlarge,"us-east-1, us-east-1a, us-east-1b, us-east-1c, us-east-1d, us-east-1f",false,false,false,nitro,48,x86_64,24,"2,4,6,8,10,12,14,16,18,20,22,24",2,"1,2",3.1,192,1800,true,ssd,2,supported,default,50 Gigabit,required,8,30,30,true,"cluster, partition, spread",0,0,-,unsupported,ebs,true,-,-,true,9500,40000,1187.5,9500,40000,1187.5,false,3.348 USD per Hour,3.782 USD per Hour,5.472 USD per Hour,3.264 USD per Hour,,,,,,,,,,,,,,,,,,,,,,,,,,,,,,,
x1e.32xlarge,x1e,32xlarge,"us-east-1, us-east-1a, us-east-1b, us-east-1c, us-east-1d",false,false,false,xen,128,x86_64,64,"4,8,12,16,20,24,28,32,36,40,44,48,52,56,60,64",2,"1,2",2.3,3904,3840,true,ssd,2,supported,default,25 Gigabit,supported,8,30,30,true,"cluster, partition, spread",0,0,true,unsupported,ebs,true,-,-,true,14000,80000,1750,14000,80000,1750,false,26.912 USD per Hour,27.917 USD per Hour,32.576 USD per Hour,26.688 USD per Hour,26.788 USD per Hour,,,,,,,,,,,,,,,,,,,,,,,,,,,,,,
c7a.metal-48xl,c7a,metal-48xl,"us-east-1, us-east-1a, us-east-1b, us-east-1c, us-east-1d, us-east-1f",false,false,true,,192,x86_64,192,-,1,-,3.7,384,0,-,-,0,supported,default,50 Gigabit,required,15,50,50,true,"cluster, partition, spread",0,0,true,supported,ebs,true,-,-,true,40000,240000,5000,40000,240000,5000,true,10.18944 USD per Hour,11.69664 USD per Hour,18.68544 USD per Hour,9.85344 USD per Hour,9.97844 USD per Hour,,,,,,,,,,,,,,,,,,,,,,,,,,,,,,
im4gn.8xlarge,im4gn,8xlarge,"us-east-1, us-east-1a, us-east-1b, us-east-1c, us-east-1d",false,false,false,nitro,32,arm64,32,"1,2,3,4,5,6,7,8,9,10,11,12,13,14,15,16,17,18,19,20,21,22,23,24,25,26,27,28,29,30,31,32",1,1,2.5,128,15000,true,ssd,2,supported,default,50 Gigabit,required,8,30,30,true,"cluster, partition, spread",0,0,-,unsupported,ebs,true,true,-,true,20000,80000,2500,20000,80000,2500,true,2.96634 USD per Hour,3.25594 USD per Hour,,2.91034 USD per Hour,3.03534 USD per Hour,,,,,,,,,,,,,,,,,,,,,,,,,,,,,,
c6i.2xlarge,c6i,2xlarge,"us-east-1, us-east-1a, us-east-1b, us-east-1c, us-east-1d, us-east-1f",false,false,false,nitro,8,x86_64,4,"2,4",2,"1,2",3.5,16,0,-,-,0,supported,default,Up to 12.5 Gigabit,required,4,15,15,true,"cluster, partition, spread",0,0,true,supported,ebs,true,true,-,true,2500,12000,312.5,10000,40000,1250,false,0.354 USD per Hour,0.4552 USD per Hour,0.708 USD per Hour,0.34 USD per Hour,0.465 USD per Hour,,,,,,,,,,,,,,,,,,,,,,,,,,,,,,
r6g.large,r6g,large,"us-east-1, us-east-1a, us-east-1b, us-east-1c, us-east-1d, us-east-1f",false,false,false,nitro,2,arm64,2,"1,2",1,1,2.5,16,0,-,-,0,supported,default,Up to 10 Gigabit,required,3,10,10,true,"cluster, partition, spread",0,0,true,supported,ebs,true,true,-,true,630,3600,78.75,4750,20000,593.75,false,0.1043 USD per Hour,0.1296 USD per Hour,,0.1008 USD per Hour,0.1571 USD per Hour,,,,,,,,,,,,,,,,,,,,,,,,,,,,,,
c7g.16xlarge,c7g,16xlarge,"us-east-1, us-east-1a, us-east-1b, us-east-1c, us-east-1d, us-east-1f",false,false,false,nitro,64,arm64,64,"1,2,3,4,5,6,7,8,9,10,11,12,13,14,15,16,17,18,19,20,21,22,23,24,25,26,27,28,29,30,31,32,33,34,35,36,37,38,39,40,41,42,43,44,45,46,47,48,49,50,51,52,53,54,55,56,57,58,59,60,61,62,63,64",1,1,2.6,128,0,-,-,0,supported,default,30 Gigabit,required,15,50,50,true,"cluster, partition, spread",0,0,true,supported,ebs,true,true,-,true,20000,80000,2500,20000,80000,2500,true,2.432 USD per Hour,3.0112 USD per Hour,,2.32 USD per Hour,2.445 USD per Hour,,,,,,,,,,,,,,,,,,,,,,,,,,,,,,
x8g.large,x8g,large,"us-east-1, us-east-1a, us-east-1b, us-east-1c, us-east-1d",false,false,false,nitro,2,arm64,2,"1,2",1,1,2.8,32,0,-,-,0,supported,default,Up to 12.5 Gigabit,required,3,10,10,true,"cluster, partition, spread",0,0,true,supported,ebs,true,-,-,true,630,3600,78.75,10000,40000,1250,false,0.1989 USD per Hour,0.2242 USD per Hour,,0.1954 USD per Hour,0.2517 USD per Hour,,,,,,,,,,,,,,,,,,,,,,,,,,,,,,
c8g.24xlarge,c8g,24xlarge,"us-east-1, us-east-1a, us-east-1b, us-east-1c, us-east-1d, us-east-1f",false,false,false,nitro,96,arm64,96,"1,2,3,4,5,6,7,8,9,10,11,12,13,14,15,16,17,18,19,20,21,22,23,24,25,26,27,28,29,30,31,32,33,34,35,36,37,38,39,40,41,42,43,44,45,46,47,48,49,50,51,52,53,54,55,56,57,58,59,60,61,62,63,64,65,66,67,68,69,70,71,72,73,74,75,76,77,78,79,80,81,82,83,84,85,86,87,88,89,90,91,92,93,94,95,96",1,1,2.8,192,0,-,-,0,supported,default,40 Gigabit,required,15,50,50,true,"cluster, partition, spread",0,0,true,supported,ebs,true,-,-,true,30000,120000,3750,30000,120000,3750,true,3.99648 USD per Hour,4.86528 USD per Hour,,3.82848 USD per Hour,3.95348 USD per Hour,,,,,,,,,,,,,,,,,,,,,,,,,,,,,,
i4g.8xlarge,i4g,8xlarge,"us-east-1, us-east-1a, us-east-1b, us-east-1c, us-east-1d, us-east-1f",false,false,false,nitro,32,arm64,32,"1,2,3,4,5,6,7,8,9,10,11,12,13,14,15,16,17,18,19,20,21,22,23,24,25,26,27,28,29,30,31,32",1,1,2.5,256,7500,true,ssd,2,supported,default,18.75 Gigabit,required,8,30,30,true,"cluster, partition, spread",0,0,-,unsupported,ebs,true,-,-,true,10000,40000,1250,10000,40000,1250,true,2.52704 USD per Hour,2.81664 USD per Hour,,2.47104 USD per Hour,2.59604 USD per Hour,,,,,,,,,,,,,,,,,,,,,,,,,,,,,,
r8gd.8xlarge,r8gd,8xlarge,"us-east-1, us-east-1a, us-east-1b, us-east-1c, us-east-1d, us-east-1f",false,false,false,nitro,32,arm64,32,"1,2,3,4,5,6,7,8,9,10,11,12,13,14,15,16,17,18,19,20,21,22,23,24,25,26,27,28,29,30,31,32",1,1,2.8,256,1900,true,ssd,1,supported,default,15 Gigabit,required,8,30,30,true,"cluster, partition, spread",0,0,-,unsupported,ebs,true,-,-,true,10000,40000,1250,10000,40000,1250,false,2.40736 USD per Hour,2.69696 USD per Hour,,2.35136 USD per Hour,2.47636 USD per Hour,,,,,,,,,,,,,,,,,,,,,,,,,,,,,,
m7g.large,m7g,large,"us-east-1, us-east-1a, us-east-1b, us-east-1c, us-east-1d, us-east-1f",false,false,false,nitro,2,arm64,2,"1,2",1,1,2.6,8,0,-,-,0,supported,default,Up to 12.5 Gigabit,required,3,10,10,true,"cluster, partition, spread",0,0,true,supported,ebs,true,true,-,true,630,3600,78.75,10000,40000,1250,false,0.0851 USD per Hour,0.1104 USD per Hour,,0.0816 USD per Hour,0.1379 USD per Hour,,,,,,,,,,,,,,,,,,,,,,,,,,,,,,
c6a.32xlarge,c6a,32xlarge,"us-east-1, us-east-1a, us-east-1b, us-east-1c, us-east-1d, us-east-1f",false,false,false,nitro,128,x86_64,64,"8,12,16,20,24,28,32,64",2,"1,2",3.6,256,0,-,-,0,supported,default,50 Gigabit,required,15,50,50,true,"cluster, partition, spread",0,0,true,supported,ebs,true,-,-,true,40000,160000,5000,40000,160000,5000,true,5.12 USD per Hour,6.1248 USD per Hour,10.784 USD per Hour,4.896 USD per Hour,5.021 USD per Hour,,,,,,,,,,,,,,,,,,,,,,,,,,,,,,
c8gn.16xlarge,c8gn,16xlarge,"us-east-1, us-east-1b, us-east-1c, us-east-1d, us-east-1f",false,false,false,nitro,64,arm64,64,"1,2,3,4,5,6,7,8,9,10,11,12,13,14,15,16,17,18,19,20,21,22,23,24,25,26,27,28,29,30,31,32,33,34,35,36,37,38,39,40,41,42,43,44,45,46,47,48,49,50,51,52,53,54,55,56,57,58,59,60,61,62,63,64",1,1,2.8,128,0,-,-,0,supported,default,200 Gigabit,required,16,50,50,true,"cluster, partition, spread",0,0,true,supported,ebs,true,true,-,true,40000,160000,5000,40000,160000,5000,true,3.904 USD per Hour,4.4832 USD per Hour,,3.792 USD per Hour,3.917 USD per Hour,,,,,,,,,,,,,,,,,,,,,,,,,,,,,,
i4g.xlarge,i4g,xlarge,"us-east-1, us-east-1a, us-east-1b, us-east-1c, us-east-1d, us-east-1f",false,false,false,nitro,4,arm64,4,"1,2,3,4",1,1,2.5,32,937,true,ssd,1,supported,default,Up to 10 Gigabit,required,4,15,15,true,"cluster, partition, spread",0,0,-,unsupported,ebs,true,true,-,true,1250,5000,156.25,10000,40000,1250,false,0.31588 USD per Hour,0.36648 USD per Hour,,0.30888 USD per Hour,0.36518 USD per Hour,,,,,,,,,,,,,,,,,,,,,,,,,,,,,,
m5d.8xlarge,m5d,8xlarge,"us-east-1, us-east-1a, us-east-1b, us-east-1c, us-east-1d, us-east-1f",false,false,false,nitro,32,x86_64,16,"2,4,6,8,10,12,14,16",2,"1,2",3.1,128,1200,true,ssd,2,supported,default,10 Gigabit,required,8,30,30,true,"cluster, partition, spread",0,0,-,unsupported,ebs,true,true,-,true,6800,30000,850,6800,30000,850,false,1.864 USD per Hour,2.154 USD per Hour,3.28 USD per Hour,1.808 USD per Hour,1.908 USD per Hour,,,,,,,,,,,,,,,,,,,,,,,,,,,,,,
m6gd.medium,m6gd,medium,"us-east-1, us-east-1a, us-east-1b, us-east-1c, us-east-1d, us-east-1f",false,false,false,nitro,1,arm64,1,-,1,-,2.5,4,59,true,ssd,1,supported,default,Up to 10 Gigabit,required,2,4,4,true,"cluster, partition, spread",0,0,-,unsupported,ebs,true,true,-,true,315,2500,39.375,4750,20000,593.75,false,0.047 USD per Hour,0.0596 USD per Hour,,0.0452 USD per Hour,0.0762 USD per Hour,,,,,,,,,,,,,,,,,,,,,,,,,,,,,,
m8g.large,m8g,large,"us-east-1, us-east-1a, us-east-1b, us-east-1c, us-east-1d, us-east-1f",false,false,false,nitro,2,arm64,2,"1,2",1,1,2.8,8,0,-,-,0,supported,default,Up to 12.5 Gigabit,required,3,10,10,true,"cluster, partition, spread",0,0,true,supported,ebs,true,true,-,true,630,3600,78.75,10000,40000,1250,false,0.09326 USD per Hour,0.11856 USD per Hour,,0.08976 USD per Hour,0.14606 USD per Hour,,,,,,,,,,,,,,,,,,,,,,,,,,,,,,
m7gd.16xlarge,m7gd,16xlarge,"us-east-1, us-east-1a, us-east-1b, us-east-1c, us-east-1d, us-east-1f",false,false,false,nitro,64,arm64,64,"1,2,3,4,5,6,7,8,9,10,11,12,13,14,15,16,17,18,19,20,21,22,23,24,25,26,27,28,29,30,31,32,33,34,35,36,37,38,39,40,41,42,43,44,45,46,47,48,49,50,51,52,53,54,55,56,57,58,59,60,61,62,63,64",1,1,2.6,256,3800,true,ssd,2,supported,default,30 Gigabit,required,15,50,50,true,"cluster, partition, spread",0,0,-,unsupported,ebs,true,-,-,true,20000,80000,2500,20000,80000,2500,true,3.5291 USD per Hour,4.1083 USD per Hour,,3.4171 USD per Hour,3.5421 USD per Hour,,,,,,,,,,,,,,,,,,,,,,,,,,,,,,
z1d.2xlarge,z1d,2xlarge,"us-east-1, us-east-1a, us-east-1b, us-east-1c, us-east-1d, us-east-1f",false,false,false,nitro,8,x86_64,4,"2,4",2,"1,2",4,64,300,true,ssd,1,supported,default,Up to 10 Gigabit,required,4,15,15,true,"cluster, partition, spread",0,0,-,unsupported,ebs,true,-,-,true,3170,13333,396.25,3170,13333,396.25,false,0.758 USD per Hour,0.859 USD per Hour,1.112 USD per Hour,0.744 USD per Hour,0.869 USD per Hour,,,,,,,,,,,,,,,,,,,,,,,,,,,,,,
i3en.24xlarge,i3en,24xlarge,"us-east-1, us-east-1a, us-east-1b, us-east-1c, us-east-1d, us-east-1f",false,false,false,nitro,96,x86_64,48,"2,4,6,8,10,12,14,16,18,20,22,24,26,28,30,32,34,36,38,40,42,44,46,48",2,"1,2",3.1,768,60000,true,ssd,8,supported,default,100 Gigabit,required,15,50,50,true,"cluster, partition, spread",0,0,-,unsupported,ebs,true,-,-,true,19000,80000,2375,19000,80000,2375,false,11.016 USD per Hour,11.885 USD per Hour,15.264 USD per Hour,10.848 USD per Hour,10.973 USD per Hour,,,,,,,,,,,,,,,,,,,,,,,,,,,,,,
d3en.8xlarge,d3en,8xlarge,"us-east-1, us-east-1a, us-east-1b, us-east-1c, us-east-1d",false,false,false,nitro,32,x86_64,16,"2,4,6,8,10,12,14,16",2,"1,2",3.1,128,223680,true,hdd,16,supported,default,50 Gigabit,required,4,20,20,true,"cluster, partition, spread",0,0,-,unsupported,ebs,-,-,-,true,5000,30000,625,5000,30000,625,false,4.26176 USD per Hour,4.55136 USD per Hour,5.67776 USD per Hour,4.20576 USD per Hour,4.33076 USD per Hour,,,,,,,,,,,,,,,,,,,,,,,,,,,,,,
c7gn.large,c7gn,large,"us-east-1, us-east-1a, us-east-1b, us-east-1c, us-east-1d, us-east-1f",false,false,false,nitro,2,arm64,2,"1,2",1,1,2.6,4,0,-,-,0,supported,default,Up to 30 Gigabit,required,3,10,10,true,"cluster, partition, spread",0,0,true,supported,ebs,true,true,-,true,1042,4167,130.25,10000,40000,1250,false,0.1283 USD per Hour,0.1536 USD per Hour,,0.1248 USD per Hour,0.1811 USD per Hour,,,,,,,,,,,,,,,,,,,,,,,,,,,,,,
r8g.medium,r8g,medium,"us-east-1, us-east-1a, us-east-1b, us-east-1c, us-east-1d, us-east-1f",false,false,false,nitro,1,arm64,1,-,1,-,2.8,8,0,-,-,0,supported,default,Up to 12.5 Gigabit,required,2,4,4,true,"cluster, partition, spread",0,0,true,supported,ebs,true,true,-,true,315,2500,39.375,10000,40000,1250,false,0.06066 USD per Hour,0.07331 USD per Hour,,0.05891 USD per Hour,0.11521 USD per Hour,,,,,,,,,,,,,,,,,,,,,,,,,,,,,,
c6a.48xlarge,c6a,48xlarge,"us-east-1, us-east-1a, us-east-1b, us-east-1c, us-east-1d, us-east-1f",false,false,false,nitro,192,x86_64,96,"8,12,16,20,24,28,32,64,96",2,"1,2",3.6,384,0,-,-,0,supported,default,50 Gigabit,required,15,50,50,true,"cluster, partition, spread",0,0,true,supported,ebs,true,-,-,true,40000,240000,5000,40000,240000,5000,true,7.68 USD per Hour,9.1872 USD per Hour,16.176 USD per Hour,7.344 USD per Hour,7.469 USD per Hour,,,,,,,,,,,,,,,,,,,,,,,,,,,,,,
c6i.large,c6i,large,"us-east-1, us-east-1a, us-east-1b, us-east-1c, us-east-1d, us-east-1f",false,false,false,nitro,2,x86_64,1,1,2,"1,2",3.5,4,0,-,-,0,supported,default,Up to 12.5 Gigabit,required,3,10,10,true,"cluster, partition, spread",0,0,true,supported,ebs,true,true,-,true,650,3600,81.25,10000,40000,1250,false,0.0885 USD per Hour,0.1138 USD per Hour,0.177 USD per Hour,0.085 USD per Hour,0.1413 USD per Hour,,,,,,,,,,,,,,,,,,,,,,,,,,,,,,
g6f.2xlarge,g6f,2xlarge,"us-east-1, us-east-1a, us-east-1b, us-east-1c, us-east-1d",false,false,false,nitro,8,x86_64,4,"1,2,3,4",2,"1,2",3.4,32,200,true,ssd,1,supported,default,Up to 10 Gigabit,required,4,15,15,true,"cluster, partition, spread",1,0,-,unsupported,ebs,-,-,-,true,2000,8000,250,5000,20000,625,false,0.489 USD per Hour,0.5902 USD per Hour,0.843 USD per Hour,0.475 USD per Hour,0.6 USD per Hour,,,,,,,,,,,,,,,,,,,,,,,,,,,,,,
m6a.large,m6a,large,"us-east-1, us-east-1a, us-east-1b, us-east-1c, us-east-1d, us-east-1f",false,false,false,nitro,2,x86_64,1,1,2,"1,2",3.6,8,0,-,-,0,supported,default,Up to 12.5 Gigabit,required,3,10,10,true,"cluster, partition, spread",0,0,true,supported,ebs,true,true,-,true,650,3600,81.25,10000,40000,1250,false,0.0899 USD per Hour,0.1152 USD per Hour,0.1784 USD per Hour,0.0864 USD per Hour,0.1427 USD per Hour,,,,,,,,,,,,,,,,,,,,,,,,,,,,,,
x2iedn.xlarge,x2iedn,xlarge,"us-east-1, us-east-1a, us-east-1b, us-east-1c, us-east-1d, us-east-1f",false,false,false,nitro,4,x86_64,2,"1,2",2,"1,2",3.5,128,118,true,ssd,1,supported,default,Up to 25 Gigabit,required,4,15,15,true,"cluster, partition, spread",0,0,true,unsupported,ebs,true,-,-,true,2500,8125,312.5,20000,65000,2500,false,0.84063 USD per Hour,0.89123 USD per Hour,1.01763 USD per Hour,0.83363 USD per Hour,0.88993 USD per Hour,,,,,,,,,,,,,,,,,,,,,,,,,,,,,,
c6id.24xlarge,c6id,24xlarge,"us-east-1, us-east-1a, us-east-1b, us-east-1c, us-east-1d, us-east-1f",false,false,false,nitro,96,x86_64,48,"2,4,6,8,10,12,14,16,18,20,22,24,26,28,30,32,34,36,38,40,42,44,46,48",2,"1,2",3.5,192,5700,true,ssd,4,supported,default,37.5 Gigabit,required,15,50,50,true,"cluster, partition, spread",0,0,-,unsupported,ebs,true,-,-,true,30000,120000,3750,30000,120000,3750,true,5.0064 USD per Hour,5.8752 USD per Hour,9.2544 USD per Hour,4.8384 USD per Hour,4.9634 USD per Hour,,,,,,,,,,,,,,,,,,,,,,,,,,,,,,
m5dn.large,m5dn,large,"us-east-1, us-east-1a, us-east-1b, us-east-1c, us-east-1d, us-east-1f",false,false,false,nitro,2,x86_64,1,1,2,"1,2",3.1,8,75,true,ssd,1,supported,default,Up to 25 Gigabit,required,3,10,10,true,"cluster, partition, spread",0,0,-,unsupported,ebs,true,-,-,true,650,3600,81.25,4750,18750,593.75,false,0.14 USD per Hour,0.165 USD per Hour,0.228 USD per Hour,0.136 USD per Hour,,,,,,,,,,,,,,,,,,,,,,,,,,,,,,,
c7i-flex.16xlarge,c7i-flex,16xlarge,"us-east-1, us-east-1a, us-east-1b, us-east-1c, us-east-1d, us-east-1f",false,false,false,nitro,64,x86_64,32,"1,2,3,4,5,6,7,8,9,10,11,12,13,14,15,16,17,18,19,20,21,22,23,24,25,26,27,28,29,30,31,32",2,"1,2",3.2,128,0,-,-,0,supported,default,Up to 25 Gigabit,required,15,50,50,true,"partition, spread",0,0,true,supported,ebs,-,true,-,true,10000,40000,1250,20000,80000,2500,false,2.8252 USD per Hour,3.4044 USD per Hour,5.6572 USD per Hour,2.7132 USD per Hour,2.8382 USD per Hour,,,,,,,,,,,,,,,,,,,,,,,,,,,,,,
hpc7g.4xlarge,hpc7g,4xlarge,"us-east-1, us-east-1d",false,false,false,nitro,16,arm64,16,-,1,-,2.6,128,0,-,-,0,supported,default,200 Gigabit,required,4,50,50,true,"cluster, partition, spread",0,0,true,supported,ebs,-,-,-,true,87,500,10.875,2085,11000,260.625,false,1.7112 USD per Hour,1.856 USD per Hour,,1.6832 USD per Hour,1.8082 USD per Hour,,,,,,,,,,,,,,,,,,,,,,,,,,,,,,
c7i-flex.8xlarge,c7i-flex,8xlarge,"us-east-1, us-east-1a, us-east-1b, us-east-1c, us-east-1d, us-east-1f",false,false,false,nitro,32,x86_64,16,"1,2,3,4,5,6,7,8,9,10,11,12,13,14,15,16",2,"1,2",3.2,64,0,-,-,0,supported,default,Up to 12.5 Gigabit,required,8,30,30,true,"partition, spread",0,0,true,supported,ebs,-,true,-,true,5000,20000,625,10000,40000,1250,false,1.4126 USD per Hour,1.7022 USD per Hour,2.755 USD per Hour,1.3566 USD per Hour,1.4816 USD per Hour,,,,,,,,,,,,,,,,,,,,,,,,,,,,,,
c6i.8xlarge,c6i,8xlarge,"us-east-1, us-east-1a, us-east-1b, us-east-1c, us-east-1d, us-east-1f",false,false,false,nitro,32,x86_64,16,"2,4,6,8,10,12,14,16",2,"1,2",3.5,64,0,-,-,0,supported,default,12.5 Gigabit,required,8,30,30,true,"cluster, partition, spread",0,0,true,supported,ebs,true,true,-,true,10000,40000,1250,10000,40000,1250,true,1.416 USD per Hour,1.7056 USD per Hour,2.832 USD per Hour,1.36 USD per Hour,1.485 USD per Hour,,,,,,,,,,,,,,,,,,,,,,,,,,,,,,
m6id.12xlarge,m6id,12xlarge,"us-east-1, us-east-1a, us-east-1b, us-east-1c, us-east-1d, us-east-1f",false,false,false,nitro,48,x86_64,24,"2,4,6,8,10,12,14,16,18,20,22,24",2,"1,2",3.5,192,2850,true,ssd,2,supported,default,18.75 Gigabit,required,8,30,30,true,"cluster, partition, spread",0,0,-,unsupported,ebs,true,-,-,true,15000,60000,1875,15000,60000,1875,true,2.9316 USD per Hour,3.366 USD per Hour,5.0556 USD per Hour,2.8476 USD per Hour,2.9726 USD per Hour,,,,,,,,,,,,,,,,,,,,,,,,,,,,,,
m6idn.12xlarge,m6idn,12xlarge,"us-east-1, us-east-1a, us-east-1b, us-east-1c, us-east-1d, us-east-1f",false,false,false,nitro,48,x86_64,24,"1,2,3,4,5,6,7,8,9,10,11,12,13,14,15,16,17,18,19,20,21,22,23,24",2,"1,2",3.5,192,2850,true,ssd,2,supported,default,75 Gigabit,required,8,30,30,true,"cluster, partition, spread",0,0,-,unsupported,ebs,true,-,-,true,37500,150000,4687.5,37500,150000,4687.5,true,3.90288 USD per Hour,4.33728 USD per Hour,6.02688 USD per Hour,3.81888 USD per Hour,3.94388 USD per Hour,,,,,,,,,,,,,,,,,,,,,,,,,,,,,,
x8g.48xlarge,x8g,48xlarge,"us-east-1, us-east-1a, us-east-1b, us-east-1c, us-east-1d",false,false,false,nitro,192,arm64,192,"4,6,8,10,12,14,16,18,20,22,24,26,28,30,32,34,36,38,40,42,44,46,48,50,52,54,56,58,60,62,64,66,68,70,72,74,76,78,80,82,84,86,88,90,92,94,96,98,100,102,104,106,108,110,112,114,116,118,120,122,124,126,128,130,132,134,136,138,140,142,144,146,148,150,152,154,156,158,160,162,164,166,168,170,172,174,176,178,180,182,184,186,188,190,192",1,1,2.7,3072,0,-,-,0,supported,default,50 Gigabit,required,15,50,50,true,"cluster, partition, spread",0,0,true,supported,ebs,true,-,-,true,40000,240000,5000,40000,240000,5000,true,19.0944 USD per Hour,20.6016 USD per Hour,,18.7584 USD per Hour,18.8834 USD per Hour,,,,,,,,,,,,,,,,,,,,,,,,,,,,,,
c8g.8xlarge,c8g,8xlarge,"us-east-1, us-east-1a, us-east-1b, us-east-1c, us-east-1d, us-east-1f",false,false,false,nitro,32,arm64,32,"1,2,3,4,5,6,7,8,9,10,11,12,13,14,15,16,17,18,19,20,21,22,23,24,25,26,27,28,29,30,31,32",1,1,2.8,64,0,-,-,0,supported,default,15 Gigabit,required,8,30,30,true,"cluster, partition, spread",0,0,true,supported,ebs,true,true,-,true,10000,40000,1250,10000,40000,1250,false,1.33216 USD per Hour,1.62176 USD per Hour,,1.27616 USD per Hour,1.40116 USD per Hour,,,,,,,,,,,,,,,,,,,,,,,,,,,,,,
m5zn.large,m5zn,large,"us-east-1, us-east-1a, us-east-1b, us-east-1c, us-east-1d, us-east-1f",false,false,false,nitro,2,x86_64,1,1,2,"1,2",4.5,8,0,-,-,0,supported,default,Up to 25 Gigabit,required,3,10,10,true,"cluster, partition, spread",0,0,true,supported,ebs,true,-,-,true,800,3333,100,3170,13333,396.25,false,0.1687 USD per Hour,0.194 USD per Hour,0.2572 USD per Hour,0.1652 USD per Hour,0.2215 USD per Hour,,,,,,,,,,,,,,,,,,,,,,,,,,,,,,
r6g.8xlarge,r6g,8xlarge,"us-east-1, us-east-1a, us-east-1b, us-east-1c, us-east-1d, us-east-1f",false,false,false,nitro,32,arm64,32,"1,2,3,4,5,6,7,8,9,10,11,12,13,14,15,16,17,18,19,20,21,22,23,24,25,26,27,28,29,30,31,32",1,1,2.5,256,0,-,-,0,supported,default,12 Gigabit,required,8,30,30,true,"cluster, partition, spread",0,0,true,supported,ebs,true,-,-,true,9500,40000,1187.5,9500,40000,1187.5,false,1.6688 USD per Hour,1.9584 USD per Hour,,1.6128 USD per Hour,1.7378 USD per Hour,,,,,,,,,,,,,,,,,,,,,,,,,,,,,,
t3a.2xlarge,t3a,2xlarge,"us-east-1, us-east-1a, us-east-1b, us-east-1c, us-east-1d, us-east-1f",false,false,false,nitro,8,x86_64,4,"2,4",2,"1,2",2.2,32,0,-,-,0,supported,default,Up to 5 Gigabit,required,4,15,15,true,"partition, spread",0,0,true,supported,ebs,-,true,true,true,695,4000,86.875,2780,15700,347.5,false,0.3148 USD per Hour,0.416 USD per Hour,0.448 USD per Hour,0.3008 USD per Hour,0.4258 USD per Hour,,,,,,,,,,,,,,,,,,,,,,,,,,,,,,
r6id.xlarge,r6id,xlarge,"us-east-1, us-east-1a, us-east-1b, us-east-1c, us-east-1d, us-east-1f",false,false,false,nitro,4,x86_64,2,"1,2",2,"1,2",3.5,32,237,true,ssd,1,supported,default,Up to 12.5 Gigabit,required,4,15,15,true,"cluster, partition, spread",0,0,-,unsupported,ebs,true,-,-,true,1250,6000,156.25,10000,40000,1250,false,0.3094 USD per Hour,0.36 USD per Hour,0.4864 USD per Hour,0.3024 USD per Hour,0.3587 USD per Hour,,,,,,,,,,,,,,,,,,,,,,,,,,,,,,
r6id.12xlarge,r6id,12xlarge,"us-east-1, us-east-1a, us-east-1b, us-east-1c, us-east-1d, us-east-1f",false,false,false,nitro,48,x86_64,24,"2,4,6,8,10,12,14,16,18,20,22,24",2,"1,2",3.5,384,2850,true,ssd,2,supported,default,18.75 Gigabit,required,8,30,30,true,"cluster, partition, spread",0,0,-,unsupported,ebs,true,-,-,true,15000,60000,1875,15000,60000,1875,true,3.7128 USD per Hour,4.1472 USD per Hour,5.8368 USD per Hour,3.6288 USD per Hour,3.7538 USD per Hour,,,,,,,,,,,,,,,,,,,,,,,,,,,,,,
c6g.16xlarge,c6g,16xlarge,"us-east-1, us-east-1a, us-east-1b, us-east-1c, us-east-1d, us-east-1f",false,false,false,nitro,64,arm64,64,"1,2,3,4,5,6,7,8,9,10,11,12,13,14,15,16,17,18,19,20,21,22,23,24,25,26,27,28,29,30,31,32,33,34,35,36,37,38,39,40,41,42,43,44,45,46,47,48,49,50,51,52,53,54,55,56,57,58,59,60,61,62,63,64",1,1,2.5,128,0,-,-,0,supported,default,25 Gigabit,required,15,50,50,true,"cluster, partition, spread",0,0,true,supported,ebs,true,true,-,true,19000,80000,2375,19000,80000,2375,false,2.288 USD per Hour,2.8672 USD per Hour,,2.176 USD per Hour,2.301 USD per Hour,,,,,,,,,,,,,,,,,,,,,,,,,,,,,,
i7ie.xlarge,i7ie,xlarge,"us-east-1, us-east-1a, us-east-1b, us-east-1c, us-east-1d, us-east-1f",false,false,false,nitro,4,x86_64,2,"1,2",2,"1,2",3.6,32,2500,true,ssd,1,supported,default,Up to 25 Gigabit,required,4,15,15,true,"cluster, partition, spread",0,0,-,unsupported,ebs,true,true,-,true,1250,5000,156.25,10000,40000,1250,false,0.5268 USD per Hour,0.5774 USD per Hour,0.7038 USD per Hour,0.5198 USD per Hour,0.5761 USD per Hour,,,,,,,,,,,,,,,,,,,,,,,,,,,,,,
r6in.12xlarge,r6in,12xlarge,"us-east-1, us-east-1a, us-east-1b, us-east-1c, us-east-1d, us-east-1f",false,false,false,nitro,48,x86_64,24,"1,2,3,4,5,6,7,8,9,10,11,12,13,14,15,16,17,18,19,20,21,22,23,24",2,"1,2",3.5,384,0,-,-,0,supported,default,75 Gigabit,required,8,30,30,true,"cluster, partition, spread",0,0,true,supported,ebs,true,-,-,true,37500,150000,4687.5,37500,150000,4687.5,true,4.26792 USD per Hour,4.70232 USD per Hour,6.39192 USD per Hour,4.18392 USD per Hour,4.30892 USD per Hour,,,,,,,,,,,,,,,,,,,,,,,,,,,,,,
m7i.24xlarge,m7i,24xlarge,"us-east-1, us-east-1a, us-east-1b, us-east-1c, us-east-1d, us-east-1f",false,false,false,nitro,96,x86_64,48,"1,2,3,4,5,6,7,8,9,10,11,12,13,14,15,16,17,18,19,20,21,22,23,24,25,26,27,28,29,30,31,32,33,34,35,36,37,38,39,40,41,42,43,44,45,46,47,48",2,"1,2",3.2,384,0,-,-,0,supported,default,37.5 Gigabit,required,15,50,50,true,"cluster, partition, spread",0,0,true,supported,ebs,-,-,-,true,30000,120000,3750,30000,120000,3750,true,5.0064 USD per Hour,5.8752 USD per Hour,9.2544 USD per Hour,4.8384 USD per Hour,4.9634 USD per Hour,,,,,,,,,,,,,,,,,,,,,,,,,,,,,,
r3.large,r3,large,"us-east-1, us-east-1b, us-east-1c, us-east-1d, us-east-1e",false,false,false,xen,2,x86_64,1,1,2,"1,2",2.5,15,32,true,ssd,1,supported,unsupported,Moderate,unsupported,3,10,10,true,"cluster, partition, spread",0,0,true,unsupported,"ebs, instance-store",true,true,-,false,0,0,0,0,0,0,false,,0.195 USD per Hour,0.291 USD per Hour,0.166 USD per Hour,0.266 USD per Hour,,,,,,,,,,,,,,,,,,,,,,,,,,,,,,
c8gd.2xlarge,c8gd,2xlarge,"us-east-1, us-east-1a, us-east-1b, us-east-1c, us-east-1d, us-east-1f",false,false,false,nitro,8,arm64,8,"1,2,3,4,5,6,7,8",1,1,2.8,16,474,true,ssd,1,supported,default,Up to 15 Gigabit,required,4,15,15,true,"cluster, partition, spread",0,0,-,unsupported,ebs,true,true,-,true,2500,12000,312.5,10000,40000,1250,false,0.40592 USD per Hour,0.50712 USD per Hour,,0.39192 USD per Hour,0.51692 USD per Hour,,,,,,,,,,,,,,,,,,,,,,,,,,,,,,
r7a.32xlarge,r7a,32xlarge,"us-east-1, us-east-1a, us-east-1b, us-east-1c, us-east-1d, us-east-1f",false,false,false,nitro,128,x86_64,128,"4,6,8,10,12,14,16,32,48,64,80,96,112,128",1,1,3.7,1024,0,-,-,0,supported,default,50 Gigabit,required,15,50,50,true,"cluster, partition, spread",0,0,true,supported,ebs,true,-,-,true,40000,160000,5000,40000,160000,5000,true,9.9616 USD per Hour,10.9664 USD per Hour,15.6256 USD per Hour,9.7376 USD per Hour,9.8626 USD per Hour,,,,,,,,,,,,,,,,,,,,,,,,,,,,,,
c4.4xlarge,c4,4xlarge,"us-east-1, us-east-1a, us-east-1b, us-east-1c, us-east-1d, us-east-1e, us-east-1f",false,false,false,xen,16,x86_64,8,"1,2,3,4,5,6,7,8",2,"1,2",2.9,30,0,-,-,0,supported,default,High,unsupported,8,30,30,true,"cluster, partition, spread",0,0,true,supported,ebs,true,true,-,false,2000,16000,250,2000,16000,250,false,0.828 USD per Hour,0.973 USD per Hour,1.532 USD per Hour,0.796 USD per Hour,0.896 USD per Hour,,,,,,,,,,,,,,,,,,,,,,,,,,,,,,
inf2.8xlarge,inf2,8xlarge,"us-east-1, us-east-1b, us-east-1c, us-east-1d, us-east-1f",false,false,false,nitro,32,x86_64,16,"4,6,8,10,12,14,16",2,"1,2",3.6,128,0,-,-,0,supported,default,Up to 25 Gigabit,required,8,30,30,true,"cluster, partition, spread",0,0,-,supported,ebs,-,-,-,true,10000,40000,1250,10000,40000,1250,false,,2.31346 USD per Hour,,1.96786 USD per Hour,,,,,,,,,,,,,,,,,,,,,,,,,,,,,,,
c6id.8xlarge,c6id,8xlarge,"us-east-1, us-east-1a, us-east-1b, us-east-1c, us-east-1d, us-east-1f",false,false,false,nitro,32,x86_64,16,"2,4,6,8,10,12,14,16",2,"1,2",3.5,64,1900,true,ssd,1,supported,default,12.5 Gigabit,required,8,30,30,true,"cluster, partition, spread",0,0,-,unsupported,ebs,true,true,-,true,10000,40000,1250,10000,40000,1250,true,1.6688 USD per Hour,1.9584 USD per Hour,3.0848 USD per Hour,1.6128 USD per Hour,1.7378 USD per Hour,,,,,,,,,,,,,,,,,,,,,,,,,,,,,,
c5.4xlarge,c5,4xlarge,"us-east-1, us-east-1-bue-1, us-east-1-qro-1, us-east-1-scl-1, us-east-1a, us-east-1b, us-east-1c, us-east-1d, us-east-1f",false,false,false,nitro,16,x86_64,8,"2,4,6,8",2,"1,2",3.4,32,0,-,-,0,supported,default,Up to 10 Gigabit,required,8,30,30,true,"cluster, partition, spread",0,0,true,supported,ebs,true,true,-,true,4750,20000,593.75,4750,20000,593.75,false,0.708 USD per Hour,0.853 USD per Hour,1.416 USD per Hour,0.68 USD per Hour,0.78 USD per Hour,1.33 USD per Hour,1.205 USD per Hour,1.941 USD per Hour,1.233 USD per Hour,1.378 USD per Hour,0.946 USD per Hour,1.654 USD per Hour,1.043 USD per Hour,1.091 USD per Hour,0.918 USD per Hour,1.225 USD per Hour,1.836 USD per Hour,1.1 USD per Hour,1.273 USD per Hour,1.128 USD per Hour,,,,,,,,,,,,,,,
r5b.12xlarge,r5b,12xlarge,"us-east-1, us-east-1a, us-east-1b, us-east-1c, us-east-1d",false,false,false,nitro,48,x86_64,24,"2,4,6,8,10,12,14,16,18,20,22,24",2,"1,2",3.1,384,0,-,-,0,supported,default,12 Gigabit,required,8,30,30,true,"cluster, partition, spread",0,0,true,supported,ebs,true,-,-,true,30000,130000,3750,30000,130000,3750,false,3.66 USD per Hour,4.0944 USD per Hour,5.784 USD per Hour,3.576 USD per Hour,3.701 USD per Hour,,,,,,,,,,,,,,,,,,,,,,,,,,,,,,
i7i.2xlarge,i7i,2xlarge,"us-east-1, us-east-1a, us-east-1b, us-east-1c, us-east-1d, us-east-1f",false,false,false,nitro,8,x86_64,4,"1,2,3,4",2,"1,2",2.4,64,1875,true,ssd,1,supported,default,Up to 12 Gigabit,required,4,15,15,true,"cluster, partition, spread",0,0,-,unsupported,ebs,true,true,-,true,2500,10000,312.5,10000,40000,1250,false,0.769 USD per Hour,0.8702 USD per Hour,1.123 USD per Hour,0.755 USD per Hour,0.88 USD per Hour,,,,,,,,,,,,,,,,,,,,,,,,,,,,,,
m5dn.2xlarge,m5dn,2xlarge,"us-east-1, us-east-1a, us-east-1b, us-east-1c, us-east-1d, us-east-1f",false,false,false,nitro,8,x86_64,4,"2,4",2,"1,2",3.1,32,300,true,ssd,1,supported,default,Up to 25 Gigabit,required,4,15,15,true,"cluster, partition, spread",0,0,-,unsupported,ebs,true,-,-,true,2300,12000,287.5,4750,18750,593.75,false,0.558 USD per Hour,0.659 USD per Hour,0.912 USD per Hour,0.544 USD per Hour,,,,,,,,,,,,,,,,,,,,,,,,,,,,,,,
r7gd.8xlarge,r7gd,8xlarge,"us-east-1, us-east-1a, us-east-1b, us-east-1c, us-east-1d, us-east-1f",false,false,false,nitro,32,arm64,32,"1,2,3,4,5,6,7,8,9,10,11,12,13,14,15,16,17,18,19,20,21,22,23,24,25,26,27,28,29,30,31,32",1,1,2.6,256,1900,true,ssd,1,supported,default,15 Gigabit,required,8,30,30,true,"cluster, partition, spread",0,0,-,unsupported,ebs,true,-,-,true,10000,40000,1250,10000,40000,1250,false,2.2333 USD per Hour,2.5229 USD per Hour,,2.1773 USD per Hour,2.3023 USD per Hour,,,,,,,,,,,,,,,,,,,,,,,,,,,,,,
r7iz.32xlarge,r7iz,32xlarge,"us-east-1, us-east-1a, us-east-1b, us-east-1c, us-east-1d, us-east-1f",false,false,false,nitro,128,x86_64,64,"4,6,8,10,12,14,16,18,20,22,24,26,28,30,32,34,36,38,40,42,44,46,48,50,52,54,56,58,60,62,64",2,"1,2",3.9,1024,0,-,-,0,supported,default,50 Gigabit,required,15,50,50,true,"cluster, partition, spread",0,0,true,supported,ebs,-,-,-,true,40000,160000,5000,40000,160000,5000,false,12.128 USD per Hour,13.1328 USD per Hour,17.792 USD per Hour,11.904 USD per Hour,12.029 USD per Hour,,,,,,,,,,,,,,,,,,,,,,,,,,,,,,
c6i.4xlarge,c6i,4xlarge,"us-east-1, us-east-1a, us-east-1b, us-east-1c, us-east-1d, us-east-1f",false,false,false,nitro,16,x86_64,8,"2,4,6,8",2,"1,2",3.5,32,0,-,-,0,supported,default,Up to 12.5 Gigabit,required,8,30,30,true,"cluster, partition, spread",0,0,true,supported,ebs,true,true,-,true,5000,20000,625,10000,40000,1250,false,0.708 USD per Hour,0.8528 USD per Hour,1.416 USD per Hour,0.68 USD per Hour,0.805 USD per Hour,,,,,,,,,,,,,,,,,,,,,,,,,,,,,,
m7a.xlarge,m7a,xlarge,"us-east-1, us-east-1a, us-east-1b, us-east-1c, us-east-1d, us-east-1f",false,false,false,nitro,4,x86_64,4,"1,2,3,4",1,1,3.7,16,0,-,-,0,supported,default,Up to 12.5 Gigabit,required,4,15,15,true,"cluster, partition, spread",0,0,true,supported,ebs,true,true,-,true,1250,6000,156.25,10000,40000,1250,false,0.23884 USD per Hour,0.28944 USD per Hour,0.41584 USD per Hour,0.23184 USD per Hour,0.28814 USD per Hour,,,,,,,,,,,,,,,,,,,,,,,,,,,,,,
r6idn.2xlarge,r6idn,2xlarge,"us-east-1, us-east-1a, us-east-1b, us-east-1c, us-east-1d, us-east-1f",false,false,false,nitro,8,x86_64,4,"1,2,3,4",2,"1,2",3.5,64,474,true,ssd,1,supported,default,Up to 40 Gigabit,required,4,15,15,true,"cluster, partition, spread",0,0,-,unsupported,ebs,true,true,-,true,6250,25000,781.25,25000,100000,3125,false,0.79556 USD per Hour,0.89676 USD per Hour,1.14956 USD per Hour,0.78156 USD per Hour,0.90656 USD per Hour,,,,,,,,,,,,,,,,,,,,,,,,,,,,,,
c4.8xlarge,c4,8xlarge,"us-east-1, us-east-1a, us-east-1b, us-east-1c, us-east-1d, us-east-1e, us-east-1f",false,false,false,xen,36,x86_64,18,"2,4,6,8,10,12,14,16,18",2,"1,2",2.9,60,0,-,-,0,supported,default,10 Gigabit,unsupported,8,30,30,true,"cluster, partition, spread",0,0,true,supported,ebs,true,true,-,false,4000,32000,500,4000,32000,500,false,1.663 USD per Hour,1.989 USD per Hour,3.091 USD per Hour,1.591 USD per Hour,1.691 USD per Hour,,,,,,,,,,,,,,,,,,,,,,,,,,,,,,
i7i.12xlarge,i7i,12xlarge,"us-east-1, us-east-1a, us-east-1b, us-east-1c, us-east-1d, us-east-1f",false,false,false,nitro,48,x86_64,24,"1,2,3,4,5,6,7,8,9,10,11,12,13,14,15,16,17,18,19,20,21,22,23,24",2,"1,2",2.4,384,11250,true,ssd,3,supported,default,Up to 28 Gigabit,required,8,30,30,true,"cluster, partition, spread",0,0,-,unsupported,ebs,true,-,-,true,15000,60000,1875,15000,60000,1875,true,4.6142 USD per Hour,5.0486 USD per Hour,6.7382 USD per Hour,4.5302 USD per Hour,4.6552 USD per Hour,,,,,,,,,,,,,,,,,,,,,,,,,,,,,,
m5.8xlarge,m5,8xlarge,"us-east-1, us-east-1-bos-1, us-east-1-bue-1, us-east-1-lim-1, us-east-1-phl-1, us-east-1a, us-east-1b, us-east-1c, us-east-1d, us-east-1f",false,false,false,nitro,32,x86_64,16,"2,4,6,8,10,12,14,16",2,"1,2",3.1,128,0,-,-,0,supported,default,10 Gigabit,required,8,30,30,true,"cluster, partition, spread",0,0,true,supported,ebs,true,true,-,true,6800,30000,850,6800,30000,850,false,1.592 USD per Hour,1.882 USD per Hour,3.008 USD per Hour,1.536 USD per Hour,1.636 USD per Hour,2.94 USD per Hour,2.815 USD per Hour,4.287 USD per Hour,2.871 USD per Hour,3.161 USD per Hour,,,,,,,,,,,2.045 USD per Hour,1.976 USD per Hour,3.392 USD per Hour,1.92 USD per Hour,2.266 USD per Hour,3.116 USD per Hour,3.06 USD per Hour,3.185 USD per Hour,4.532 USD per Hour,3.406 USD per Hour,1.92 USD per Hour,3.392 USD per Hour,2.266 USD per Hour,2.045 USD per Hour,1.976 USD per Hour
c8gd.xlarge,c8gd,xlarge,"us-east-1, us-east-1a, us-east-1b, us-east-1c, us-east-1d, us-east-1f",false,false,false,nitro,4,arm64,4,"1,2,3,4",1,1,2.8,8,237,true,ssd,1,supported,default,Up to 12.5 Gigabit,required,4,15,15,true,"cluster, partition, spread",0,0,-,unsupported,ebs,true,true,-,true,1250,6000,156.25,10000,40000,1250,false,0.20296 USD per Hour,0.25356 USD per Hour,,0.19596 USD per Hour,0.25226 USD per Hour,,,,,,,,,,,,,,,,,,,,,,,,,,,,,,
r4.16xlarge,r4,16xlarge,"us-east-1, us-east-1a, us-east-1b, us-east-1c, us-east-1d, us-east-1e, us-east-1f",false,false,false,xen,64,x86_64,32,"2,4,6,8,10,12,14,16,18,20,22,24,26,28,30,32",2,"1,2",2.3,488,0,-,-,0,supported,default,25 Gigabit,supported,15,50,50,true,"cluster, partition, spread",0,0,true,supported,ebs,true,-,-,false,14000,75000,1750,14000,75000,1750,false,4.368 USD per Hour,4.9472 USD per Hour,7.2 USD per Hour,4.256 USD per Hour,4.356 USD per Hour,,,,,,,,,,,,,,,,,,,,,,,,,,,,,,
d2.8xlarge,d2,8xlarge,"us-east-1, us-east-1a, us-east-1b, us-east-1c, us-east-1d, us-east-1e, us-east-1f",false,false,false,xen,36,x86_64,18,"2,4,6,8,10,12,14,16,18",2,"1,2",2.4,244,49152,true,hdd,24,supported,default,10 Gigabit,unsupported,8,30,30,true,"cluster, partition, spread",0,0,-,unsupported,"ebs, instance-store",true,-,-,false,4000,32000,500,4000,32000,500,false,5.583 USD per Hour,5.909 USD per Hour,6.198 USD per Hour,5.52 USD per Hour,5.62 USD per Hour,,,,,,,,,,,,,,,,,,,,,,,,,,,,,,
m7i.8xlarge,m7i,8xlarge,"us-east-1, us-east-1a, us-east-1b, us-east-1c, us-east-1d, us-east-1f",false,false,false,nitro,32,x86_64,16,"1,2,3,4,5,6,7,8,9,10,11,12,13,14,15,16",2,"1,2",3.2,128,0,-,-,0,supported,default,12.5 Gigabit,required,8,30,30,true,"cluster, partition, spread",0,0,true,supported,ebs,true,true,-,true,10000,40000,1250,10000,40000,1250,false,1.6688 USD per Hour,1.9584 USD per Hour,3.0848 USD per Hour,1.6128 USD per Hour,1.7378 USD per Hour,,,,,,,,,,,,,,,,,,,,,,,,,,,,,,
m6i.large,m6i,large,"us-east-1, us-east-1a, us-east-1b, us-east-1c, us-east-1d, us-east-1f",false,false,false,nitro,2,x86_64,1,1,2,"1,2",3.5,8,0,-,-,0,supported,default,Up to 12.5 Gigabit,required,3,10,10,true,"cluster, partition, spread",0,0,true,supported,ebs,true,true,-,true,650,3600,81.25,10000,40000,1250,false,0.0995 USD per Hour,0.1248 USD per Hour,0.188 USD per Hour,0.096 USD per Hour,0.1523 USD per Hour,,,,,,,,,,,,,,,,,,,,,,,,,,,,,,
r6idn.xlarge,r6idn,xlarge,"us-east-1, us-east-1a, us-east-1b, us-east-1c, us-east-1d, us-east-1f",false,false,false,nitro,4,x86_64,2,"1,2",2,"1,2",3.5,32,237,true,ssd,1,supported,default,Up to 30 Gigabit,required,4,15,15,true,"cluster, partition, spread",0,0,-,unsupported,ebs,true,true,-,true,3125,12500,390.625,25000,100000,3125,false,0.39778 USD per Hour,0.44838 USD per Hour,0.57478 USD per Hour,0.39078 USD per Hour,0.44708 USD per Hour,,,,,,,,,,,,,,,,,,,,,,,,,,,,,,
m7gd.xlarge,m7gd,xlarge,"us-east-1, us-east-1a, us-east-1b, us-east-1c, us-east-1d, us-east-1f",false,false,false,nitro,4,arm64,4,"1,2,3,4",1,1,2.6,16,237,true,ssd,1,supported,default,Up to 12.5 Gigabit,required,4,15,15,true,"cluster, partition, spread",0,0,-,unsupported,ebs,true,true,-,true,1250,6000,156.25039999999998,10000,40000,1250,false,0.2206 USD per Hour,0.2712 USD per Hour,,0.2136 USD per Hour,0.2699 USD per Hour,,,,,,,,,,,,,,,,,,,,,,,,,,,,,,
m5ad.4xlarge,m5ad,4xlarge,"us-east-1, us-east-1a, us-east-1b, us-east-1c, us-east-1d, us-east-1f",false,false,false,nitro,16,x86_64,8,"2,4,6,8",2,"1,2",2.2,64,600,true,ssd,2,supported,default,Up to 10 Gigabit,required,8,30,30,true,"cluster, partition, spread",0,0,-,unsupported,ebs,-,true,-,true,2880,16000,360,2880,16000,360,false,0.852 USD per Hour,0.997 USD per Hour,1.56 USD per Hour,0.824 USD per Hour,0.949 USD per Hour,,,,,,,,,,,,,,,,,,,,,,,,,,,,,,
c7i.8xlarge,c7i,8xlarge,"us-east-1, us-east-1a, us-east-1b, us-east-1c, us-east-1d, us-east-1f",false,false,false,nitro,32,x86_64,16,"1,2,3,4,5,6,7,8,9,10,11,12,13,14,15,16",2,"1,2",3.2,64,0,-,-,0,supported,default,12.5 Gigabit,required,8,30,30,true,"cluster, partition, spread",0,0,true,supported,ebs,true,true,-,true,10000,40000,1250,10000,40000,1250,false,1.484 USD per Hour,1.7736 USD per Hour,2.9 USD per Hour,1.428 USD per Hour,1.553 USD per Hour,,,,,,,,,,,,,,,,,,,,,,,,,,,,,,
r7iz.xlarge,r7iz,xlarge,"us-east-1, us-east-1a, us-east-1b, us-east-1c, us-east-1d, us-east-1f",false,false,false,nitro,4,x86_64,2,"1,2",2,"1,2",3.9,32,0,-,-,0,supported,default,Up to 12.5 Gigabit,required,4,15,15,true,"cluster, partition, spread",0,0,true,supported,ebs,true,true,-,true,1584,6667,198,10000,40000,1250,false,0.379 USD per Hour,0.4296 USD per Hour,0.556 USD per Hour,0.372 USD per Hour,0.4283 USD per Hour,,,,,,,,,,,,,,,,,,,,,,,,,,,,,,
trn1n.32xlarge,trn1n,32xlarge,"us-east-1, us-east-1d",false,false,false,nitro,128,x86_64,64,"2,4,6,8,10,12,14,16,18,20,22,24,26,28,30,32,34,36,38,40,42,44,46,48,50,52,54,56,58,60,62,64",2,"1,2",3.5,512,7600,true,ssd,4,supported,default,16x 100 Gigabit,required,80,50,50,true,"cluster, partition, spread",0,0,-,unsupported,ebs,-,-,-,true,80000,260000,10000,80000,260000,10000,false,25.004 USD per Hour,26.0088 USD per Hour,,24.78 USD per Hour,24.905 USD per Hour,,,,,,,,,,,,,,,,,,,,,,,,,,,,,,
r6gd.xlarge,r6gd,xlarge,"us-east-1, us-east-1a, us-east-1b, us-east-1c, us-east-1d, us-east-1f",false,false,false,nitro,4,arm64,4,"1,2,3,4",1,1,2.5,32,237,true,ssd,1,supported,default,Up to 10 Gigabit,required,4,15,15,true,"cluster, partition, spread",0,0,-,unsupported,ebs,true,true,-,true,1188,6000,148.5,4750,20000,593.75,false,0.2374 USD per Hour,0.288 USD per Hour,,0.2304 USD per Hour,0.2867 USD per Hour,,,,,,,,,,,,,,,,,,,,,,,,,,,,,,
im4gn.2xlarge,im4gn,2xlarge,"us-east-1, us-east-1a, us-east-1b, us-east-1c, us-east-1d",false,false,false,nitro,8,arm64,8,"1,2,3,4,5,6,7,8",1,1,2.5,32,3750,true,ssd,1,supported,default,Up to 25 Gigabit,required,4,15,15,true,"cluster, partition, spread",0,0,-,unsupported,ebs,true,true,-,true,5000,20000,625,10000,40000,1250,false,0.74158 USD per Hour,0.84278 USD per Hour,,0.72758 USD per Hour,0.85258 USD per Hour,,,,,,,,,,,,,,,,,,,,,,,,,,,,,,
c5ad.4xlarge,c5ad,4xlarge,"us-east-1, us-east-1a, us-east-1b, us-east-1c, us-east-1d, us-east-1f",false,false,false,nitro,16,x86_64,8,"1,2,3,4,8",2,"1,2",3.3,32,600,true,ssd,2,supported,default,Up to 10 Gigabit,required,8,30,30,true,"cluster, partition, spread",0,0,-,unsupported,ebs,-,-,-,true,1580,6600,197.5,3170,13300,396.25,false,0.716 USD per Hour,0.861 USD per Hour,1.424 USD per Hour,0.688 USD per Hour,0.813 USD per Hour,,,,,,,,,,,,,,,,,,,,,,,,,,,,,,
r6idn.8xlarge,r6idn,8xlarge,"us-east-1, us-east-1a, us-east-1b, us-east-1c, us-east-1d, us-east-1f",false,false,false,nitro,32,x86_64,16,"1,2,3,4,5,6,7,8,9,10,11,12,13,14,15,16",2,"1,2",3.5,256,1900,true,ssd,1,supported,default,50 Gigabit,required,8,30,30,true,"cluster, partition, spread",0,0,-,unsupported,ebs,true,-,-,true,25000,100000,3125,25000,100000,3125,true,3.18224 USD per Hour,3.47184 USD per Hour,4.59824 USD per Hour,3.12624 USD per Hour,3.25124 USD per Hour,,,,,,,,,,,,,,,,,,,,,,,,,,,,,,
r8g.16xlarge,r8g,16xlarge,"us-east-1, us-east-1a, us-east-1b, us-east-1c, us-east-1d, us-east-1f",false,false,false,nitro,64,arm64,64,"1,2,3,4,5,6,7,8,9,10,11,12,13,14,15,16,17,18,19,20,21,22,23,24,25,26,27,28,29,30,31,32,33,34,35,36,37,38,39,40,41,42,43,44,45,46,47,48,49,50,51,52,53,54,55,56,57,58,59,60,61,62,63,64",1,1,2.8,512,0,-,-,0,supported,default,30 Gigabit,required,15,50,50,true,"cluster, partition, spread",0,0,true,supported,ebs,true,-,-,true,20000,80000,2500,20000,80000,2500,true,3.88224 USD per Hour,4.46144 USD per Hour,,3.77024 USD per Hour,3.89524 USD per Hour,,,,,,,,,,,,,,,,,,,,,,,,,,,,,,
r8g.large,r8g,large,"us-east-1, us-east-1a, us-east-1b, us-east-1c, us-east-1d, us-east-1f",false,false,false,nitro,2,arm64,2,"1,2",1,1,2.8,16,0,-,-,0,supported,default,Up to 12.5 Gigabit,required,3,10,10,true,"cluster, partition, spread",0,0,true,supported,ebs,true,true,-,true,630,3600,78.75,10000,40000,1250,false,0.12132 USD per Hour,0.14662 USD per Hour,,0.11782 USD per Hour,0.17412 USD per Hour,,,,,,,,,,,,,,,,,,,,,,,,,,,,,,
c7gn.8xlarge,c7gn,8xlarge,"us-east-1, us-east-1a, us-east-1b, us-east-1c, us-east-1d, us-east-1f",false,false,false,nitro,32,arm64,32,"1,2,3,4,5,6,7,8,9,10,11,12,13,14,15,16,17,18,19,20,21,22,23,24,25,26,27,28,29,30,31,32",1,1,2.6,64,0,-,-,0,supported,default,100 Gigabit,required,8,30,30,true,"cluster, partition, spread",0,0,true,supported,ebs,true,true,-,true,16667,66667,2083.375,20000,80000,2500,true,2.0528 USD per Hour,2.3424 USD per Hour,,1.9968 USD per Hour,2.1218 USD per Hour,,,,,,,,,,,,,,,,,,,,,,,,,,,,,,
c5ad.12xlarge,c5ad,12xlarge,"us-east-1, us-east-1a, us-east-1b, us-east-1c, us-east-1d, us-east-1f",false,false,false,nitro,48,x86_64,24,"1,2,3,4,8,12,16,20,24",2,"1,2",3.3,96,1800,true,ssd,2,supported,default,12 Gigabit,required,8,30,30,true,"cluster, partition, spread",0,0,-,unsupported,ebs,-,-,-,true,4750,20000,593.75,4750,20000,593.75,false,2.148 USD per Hour,2.582 USD per Hour,4.272 USD per Hour,2.064 USD per Hour,2.189 USD per Hour,,,,,,,,,,,,,,,,,,,,,,,,,,,,,,
m5zn.6xlarge,m5zn,6xlarge,"us-east-1, us-east-1a, us-east-1b, us-east-1c, us-east-1d, us-east-1f",false,false,false,nitro,24,x86_64,12,"2,4,6,8,10,12",2,"1,2",4.5,96,0,-,-,0,supported,default,50 Gigabit,required,8,30,30,true,"cluster, partition, spread",0,0,true,supported,ebs,true,-,-,true,9500,40000,1187.5,9500,40000,1187.5,false,2.024 USD per Hour,2.2412 USD per Hour,3.086 USD per Hour,1.982 USD per Hour,2.107 USD per Hour,,,,,,,,,,,,,,,,,,,,,,,,,,,,,,
m5.24xlarge,m5,24xlarge,"us-east-1, us-east-1a, us-east-1b, us-east-1c, us-east-1d, us-east-1f",false,false,false,nitro,96,x86_64,48,"4,6,8,10,12,14,16,18,20,22,24,26,28,30,32,34,36,38,40,42,44,46,48",2,"1,2",3.1,384,0,-,-,0,supported,default,25 Gigabit,required,15,50,50,true,"cluster, partition, spread",0,0,true,supported,ebs,true,-,-,true,19000,80000,2375,19000,80000,2375,false,4.776 USD per Hour,5.645 USD per Hour,9.024 USD per Hour,4.608 USD per Hour,4.708 USD per Hour,,,,,,,,,,,,,,,,,,,,,,,,,,,,,,